signal_id,ehtimollik
SG_000001,0.157951
SG_000007,0.198103
SG_000009,0.126584
SG_000010,0.121739
SG_000011,0.125370
SG_000018,0.193364
SG_000024,0.183852
SG_000026,0.155781
SG_000032,0.207150
SG_000033,0.206886
SG_000034,0.115795
SG_000036,0.141976
SG_000039,0.176605
SG_000048,0.162213
SG_000049,0.155477
SG_000050,0.203111
SG_000053,0.087812
SG_000054,0.189058
SG_000055,0.204713
SG_000058,0.148377
SG_000059,0.159401
SG_000061,0.171715
SG_000062,0.156729
SG_000072,0.187011
SG_000073,0.162757
SG_000075,0.188413
SG_000080,0.220421
SG_000081,0.191588
SG_000083,0.097634
SG_000086,0.220544
SG_000087,0.257713
SG_000092,0.178819
SG_000099,0.243073
SG_000100,0.156731
SG_000105,0.124517
SG_000106,0.214178
SG_000107,0.064755
SG_000118,0.192573
SG_000120,0.137733
SG_000125,0.144322
SG_000129,0.132833
SG_000137,0.161641
SG_000146,0.168672
SG_000147,0.211105
SG_000149,0.219794
SG_000153,0.200044
SG_000161,0.130788
SG_000163,0.132444
SG_000165,0.219257
SG_000173,0.145941
SG_000178,0.158978
SG_000179,0.145551
SG_000187,0.232467
SG_000192,0.075340
SG_000193,0.189398
SG_000195,0.141308
SG_000196,0.171879
SG_000201,0.124952
SG_000203,0.167896
SG_000205,0.319068
SG_000207,0.164969
SG_000211,0.209311
SG_000214,0.162168
SG_000217,0.103660
SG_000218,0.309281
SG_000219,0.184862
SG_000227,0.136375
SG_000229,0.108160
SG_000232,0.186362
SG_000240,0.127429
SG_000242,0.158539
SG_000244,0.149432
SG_000246,0.133023
SG_000250,0.169173
SG_000253,0.230059
SG_000262,0.165883
SG_000269,0.229479
SG_000270,0.154261
SG_000271,0.208017
SG_000284,0.218142
SG_000286,0.193096
SG_000287,0.127111
SG_000290,0.326123
SG_000291,0.148093
SG_000301,0.159200
SG_000302,0.168872
SG_000304,0.142781
SG_000306,0.164141
SG_000309,0.134567
SG_000314,0.168275
SG_000319,0.207526
SG_000320,0.157896
SG_000321,0.185812
SG_000325,0.193048
SG_000328,0.154248
SG_000329,0.153780
SG_000333,0.200459
SG_000334,0.250260
SG_000335,0.141668
SG_000339,0.114982
SG_000341,0.113707
SG_000345,0.225622
SG_000347,0.150514
SG_000349,0.140592
SG_000350,0.136995
SG_000351,0.126775
SG_000357,0.150056
SG_000360,0.219146
SG_000366,0.262806
SG_000368,0.185515
SG_000370,0.174307
SG_000378,0.157270
SG_000386,0.165951
SG_000394,0.159432
SG_000395,0.123181
SG_000397,0.238951
SG_000398,0.172774
SG_000401,0.195526
SG_000402,0.168914
SG_000414,0.168392
SG_000415,0.152322
SG_000419,0.213719
SG_000420,0.192192
SG_000422,0.229357
SG_000425,0.145841
SG_000430,0.114114
SG_000431,0.072273
SG_000435,0.088298
SG_000436,0.096184
SG_000440,0.161149
SG_000444,0.142410
SG_000450,0.154710
SG_000452,0.149180
SG_000454,0.136497
SG_000460,0.176497
SG_000462,0.161466
SG_000471,0.163478
SG_000474,0.188499
SG_000475,0.250814
SG_000476,0.144076
SG_000480,0.178412
SG_000482,0.243130
SG_000484,0.199433
SG_000487,0.199778
SG_000488,0.186716
SG_000494,0.225895
SG_000496,0.162721
SG_000497,0.115305
SG_000498,0.161791
SG_000501,0.157534
SG_000506,0.148024
SG_000511,0.150083
SG_000513,0.119886
SG_000524,0.136169
SG_000526,0.192965
SG_000527,0.129734
SG_000530,0.164146
SG_000535,0.158294
SG_000536,0.164031
SG_000551,0.189828
SG_000561,0.241303
SG_000563,0.258409
SG_000567,0.172794
SG_000572,0.177818
SG_000580,0.156999
SG_000583,0.179185
SG_000585,0.247454
SG_000588,0.131816
SG_000591,0.180142
SG_000593,0.175290
SG_000594,0.146202
SG_000598,0.116844
SG_000603,0.159548
SG_000610,0.128075
SG_000614,0.149983
SG_000615,0.183942
SG_000616,0.128204
SG_000617,0.155772
SG_000619,0.122288
SG_000621,0.195031
SG_000629,0.212049
SG_000633,0.190794
SG_000634,0.212125
SG_000638,0.163197
SG_000640,0.160068
SG_000643,0.193382
SG_000646,0.270550
SG_000648,0.150098
SG_000657,0.148116
SG_000662,0.166399
SG_000665,0.118627
SG_000666,0.232449
SG_000672,0.110322
SG_000674,0.185050
SG_000677,0.149121
SG_000678,0.251790
SG_000679,0.117448
SG_000691,0.147964
SG_000692,0.147536
SG_000693,0.201778
SG_000695,0.213140
SG_000696,0.162092
SG_000698,0.084476
SG_000706,0.141130
SG_000709,0.137736
SG_000713,0.130391
SG_000716,0.151124
SG_000717,0.092458
SG_000719,0.184184
SG_000722,0.199905
SG_000727,0.165290
SG_000734,0.177303
SG_000737,0.130335
SG_000739,0.152476
SG_000742,0.203098
SG_000743,0.164853
SG_000750,0.201502
SG_000751,0.230102
SG_000759,0.247093
SG_000762,0.176356
SG_000764,0.168290
SG_000768,0.110610
SG_000769,0.200640
SG_000770,0.179040
SG_000788,0.280244
SG_000790,0.144283
SG_000797,0.162492
SG_000798,0.093379
SG_000799,0.201332
SG_000802,0.178759
SG_000803,0.274431
SG_000809,0.190914
SG_000811,0.140277
SG_000812,0.211607
SG_000816,0.262796
SG_000817,0.154954
SG_000820,0.137609
SG_000821,0.132830
SG_000826,0.188130
SG_000840,0.201295
SG_000849,0.208428
SG_000851,0.145620
SG_000856,0.125389
SG_000857,0.170637
SG_000864,0.130920
SG_000865,0.120961
SG_000875,0.174659
SG_000883,0.148873
SG_000888,0.155611
SG_000889,0.211395
SG_000890,0.171378
SG_000891,0.147009
SG_000903,0.162306
SG_000907,0.136319
SG_000909,0.143122
SG_000910,0.170495
SG_000911,0.196885
SG_000912,0.219382
SG_000913,0.216013
SG_000917,0.191689
SG_000920,0.213888
SG_000928,0.081831
SG_000934,0.117159
SG_000935,0.251127
SG_000938,0.166055
SG_000940,0.144366
SG_000943,0.180142
SG_000945,0.160929
SG_000946,0.144691
SG_000948,0.186582
SG_000950,0.141529
SG_000954,0.141762
SG_000959,0.239834
SG_000963,0.145621
SG_000965,0.159603
SG_000968,0.173946
SG_000970,0.249126
SG_000973,0.099000
SG_000975,0.101253
SG_000977,0.127533
SG_000980,0.248360
SG_000981,0.186397
SG_000985,0.179697
SG_000987,0.190413
SG_000988,0.137626
SG_000990,0.167536
SG_000991,0.212181
SG_001002,0.203469
SG_001004,0.232536
SG_001009,0.168885
SG_001010,0.142848
SG_001014,0.160497
SG_001023,0.177857
SG_001027,0.072998
SG_001028,0.214195
SG_001030,0.159562
SG_001031,0.200830
SG_001032,0.146499
SG_001042,0.159789
SG_001048,0.100262
SG_001049,0.138196
SG_001052,0.160870
SG_001058,0.168391
SG_001060,0.124238
SG_001066,0.157034
SG_001067,0.184810
SG_001070,0.162599
SG_001071,0.139749
SG_001075,0.102806
SG_001076,0.183188
SG_001078,0.142897
SG_001081,0.207575
SG_001085,0.124286
SG_001086,0.161688
SG_001100,0.153236
SG_001101,0.090544
SG_001102,0.210997
SG_001106,0.126858
SG_001107,0.124081
SG_001108,0.182603
SG_001109,0.139722
SG_001111,0.242673
SG_001117,0.245451
SG_001121,0.172852
SG_001123,0.228934
SG_001125,0.180301
SG_001126,0.316561
SG_001128,0.150428
SG_001133,0.125354
SG_001135,0.183426
SG_001143,0.297976
SG_001153,0.106662
SG_001155,0.232002
SG_001157,0.186974
SG_001159,0.148734
SG_001161,0.256216
SG_001163,0.091449
SG_001167,0.239518
SG_001180,0.184820
SG_001181,0.230650
SG_001182,0.144772
SG_001184,0.201204
SG_001188,0.121967
SG_001190,0.238945
SG_001192,0.196106
SG_001196,0.237480
SG_001201,0.216998
SG_001202,0.105201
SG_001203,0.200668
SG_001205,0.138756
SG_001208,0.247216
SG_001210,0.161333
SG_001211,0.205104
SG_001213,0.232369
SG_001215,0.202745
SG_001217,0.193890
SG_001225,0.183912
SG_001226,0.170894
SG_001229,0.178964
SG_001230,0.134721
SG_001236,0.153398
SG_001237,0.102594
SG_001243,0.245262
SG_001245,0.139304
SG_001248,0.128399
SG_001252,0.133205
SG_001255,0.259208
SG_001257,0.169913
SG_001262,0.157536
SG_001264,0.194215
SG_001267,0.131298
SG_001279,0.073539
SG_001285,0.161366
SG_001287,0.138207
SG_001293,0.223989
SG_001296,0.204105
SG_001298,0.162090
SG_001303,0.153445
SG_001305,0.136214
SG_001306,0.155164
SG_001309,0.163956
SG_001312,0.109207
SG_001313,0.136522
SG_001314,0.145972
SG_001316,0.168560
SG_001318,0.124998
SG_001319,0.169371
SG_001321,0.209094
SG_001322,0.223486
SG_001327,0.107403
SG_001331,0.148004
SG_001335,0.161404
SG_001336,0.160562
SG_001349,0.208503
SG_001350,0.186083
SG_001352,0.192722
SG_001354,0.164131
SG_001361,0.135761
SG_001362,0.225876
SG_001364,0.165298
SG_001374,0.217464
SG_001389,0.142041
SG_001390,0.103847
SG_001395,0.212454
SG_001397,0.137216
SG_001401,0.187317
SG_001402,0.171248
SG_001405,0.145148
SG_001412,0.195195
SG_001415,0.198984
SG_001419,0.124167
SG_001421,0.222152
SG_001423,0.163993
SG_001432,0.174395
SG_001433,0.122112
SG_001441,0.205308
SG_001446,0.119501
SG_001447,0.128725
SG_001448,0.084420
SG_001453,0.133615
SG_001458,0.178665
SG_001465,0.161163
SG_001469,0.218389
SG_001470,0.175425
SG_001472,0.241170
SG_001476,0.145882
SG_001478,0.207917
SG_001480,0.239496
SG_001484,0.125110
SG_001487,0.218299
SG_001493,0.164275
SG_001494,0.271429
SG_001500,0.201946
SG_001505,0.202369
SG_001506,0.149372
SG_001510,0.120936
SG_001514,0.195533
SG_001520,0.136281
SG_001525,0.232124
SG_001527,0.136095
SG_001528,0.152804
SG_001529,0.144360
SG_001531,0.178456
SG_001541,0.270142
SG_001542,0.153045
SG_001543,0.223908
SG_001545,0.152534
SG_001549,0.195357
SG_001557,0.124812
SG_001558,0.240690
SG_001561,0.214309
SG_001562,0.067606
SG_001563,0.191640
SG_001567,0.135716
SG_001568,0.177185
SG_001569,0.141198
SG_001570,0.173215
SG_001571,0.180742
SG_001572,0.229481
SG_001573,0.140759
SG_001576,0.195404
SG_001584,0.168652
SG_001590,0.167178
SG_001591,0.121157
SG_001592,0.106214
SG_001595,0.127839
SG_001601,0.217289
SG_001604,0.179639
SG_001609,0.190137
SG_001610,0.206607
SG_001612,0.158611
SG_001613,0.156897
SG_001615,0.157374
SG_001623,0.140605
SG_001624,0.151016
SG_001631,0.164512
SG_001634,0.174360
SG_001636,0.261625
SG_001638,0.227615
SG_001647,0.212385
SG_001650,0.194712
SG_001653,0.210485
SG_001654,0.235224
SG_001658,0.231422
SG_001663,0.162988
SG_001667,0.125505
SG_001668,0.173342
SG_001670,0.078917
SG_001683,0.126735
SG_001686,0.230357
SG_001688,0.203824
SG_001689,0.119898
SG_001698,0.195093
SG_001704,0.219490
SG_001711,0.230108
SG_001719,0.136873
SG_001720,0.098819
SG_001723,0.184641
SG_001726,0.183119
SG_001728,0.108784
SG_001731,0.122352
SG_001733,0.201769
SG_001734,0.170088
SG_001735,0.192906
SG_001737,0.236608
SG_001738,0.177979
SG_001739,0.175235
SG_001740,0.185207
SG_001744,0.171715
SG_001745,0.158378
SG_001750,0.149379
SG_001751,0.145754
SG_001761,0.184712
SG_001767,0.148634
SG_001768,0.210378
SG_001769,0.161130
SG_001776,0.271748
SG_001786,0.094234
SG_001788,0.186371
SG_001789,0.175282
SG_001790,0.110159
SG_001791,0.187528
SG_001792,0.194591
SG_001793,0.151165
SG_001796,0.197801
SG_001797,0.100361
SG_001803,0.186932
SG_001804,0.105973
SG_001806,0.134788
SG_001811,0.152530
SG_001815,0.230566
SG_001819,0.171793
SG_001824,0.180987
SG_001825,0.240831
SG_001827,0.212300
SG_001830,0.165883
SG_001831,0.143508
SG_001833,0.213237
SG_001836,0.143213
SG_001844,0.205482
SG_001846,0.141913
SG_001847,0.157171
SG_001848,0.215125
SG_001849,0.188268
SG_001851,0.123002
SG_001858,0.161600
SG_001860,0.136076
SG_001862,0.151085
SG_001864,0.091132
SG_001865,0.171285
SG_001867,0.132983
SG_001872,0.083476
SG_001876,0.164995
SG_001877,0.260215
SG_001883,0.200566
SG_001884,0.174051
SG_001885,0.129519
SG_001886,0.219256
SG_001888,0.166621
SG_001890,0.136451
SG_001892,0.195849
SG_001893,0.214854
SG_001894,0.124621
SG_001895,0.218059
SG_001897,0.188487
SG_001901,0.181724
SG_001903,0.178034
SG_001904,0.096964
SG_001906,0.153774
SG_001909,0.198522
SG_001912,0.191902
SG_001914,0.144561
SG_001915,0.166372
SG_001919,0.245053
SG_001924,0.147326
SG_001925,0.126688
SG_001928,0.166927
SG_001930,0.187811
SG_001932,0.153207
SG_001933,0.146738
SG_001934,0.115532
SG_001936,0.111663
SG_001947,0.154980
SG_001953,0.227635
SG_001954,0.108556
SG_001955,0.193930
SG_001963,0.200198
SG_001971,0.204024
SG_001975,0.160763
SG_001976,0.140680
SG_001977,0.215053
SG_001980,0.152756
SG_001981,0.113592
SG_001982,0.165045
SG_001990,0.157719
SG_001999,0.100806
SG_002000,0.207079
SG_002002,0.220047
SG_002004,0.146642
SG_002008,0.214200
SG_002009,0.187483
SG_002016,0.193682
SG_002021,0.163469
SG_002024,0.178001
SG_002027,0.193798
SG_002037,0.214728
SG_002038,0.233876
SG_002039,0.167180
SG_002044,0.195957
SG_002045,0.128308
SG_002048,0.125470
SG_002050,0.227326
SG_002052,0.157691
SG_002063,0.162884
SG_002067,0.248555
SG_002068,0.132014
SG_002069,0.162224
SG_002074,0.126634
SG_002075,0.150411
SG_002078,0.113452
SG_002081,0.164460
SG_002090,0.205172
SG_002097,0.249864
SG_002103,0.184506
SG_002105,0.194391
SG_002110,0.152749
SG_002122,0.148534
SG_002123,0.140835
SG_002125,0.287507
SG_002129,0.242608
SG_002131,0.271223
SG_002137,0.153568
SG_002142,0.170160
SG_002150,0.141499
SG_002151,0.147076
SG_002152,0.180800
SG_002166,0.127405
SG_002171,0.219369
SG_002172,0.162789
SG_002176,0.135359
SG_002177,0.226911
SG_002181,0.220997
SG_002184,0.150101
SG_002185,0.278671
SG_002186,0.130335
SG_002191,0.144856
SG_002192,0.206084
SG_002194,0.148552
SG_002200,0.100162
SG_002209,0.208518
SG_002213,0.113235
SG_002220,0.122262
SG_002223,0.114060
SG_002227,0.132310
SG_002228,0.155339
SG_002233,0.152509
SG_002241,0.175437
SG_002248,0.245309
SG_002251,0.186340
SG_002252,0.195107
SG_002254,0.212441
SG_002255,0.215723
SG_002260,0.181744
SG_002262,0.162857
SG_002263,0.138795
SG_002266,0.155007
SG_002270,0.104280
SG_002277,0.178621
SG_002278,0.122967
SG_002280,0.147373
SG_002281,0.128329
SG_002283,0.149699
SG_002284,0.206962
SG_002286,0.138675
SG_002288,0.140368
SG_002291,0.206381
SG_002292,0.158264
SG_002294,0.153278
SG_002296,0.218009
SG_002298,0.154611
SG_002301,0.157964
SG_002304,0.198848
SG_002311,0.195469
SG_002319,0.269438
SG_002320,0.148577
SG_002322,0.119012
SG_002324,0.157232
SG_002328,0.195130
SG_002332,0.170175
SG_002341,0.259197
SG_002346,0.129856
SG_002347,0.224668
SG_002352,0.180457
SG_002357,0.175725
SG_002361,0.185086
SG_002370,0.104527
SG_002371,0.152392
SG_002372,0.131009
SG_002373,0.131196
SG_002374,0.147822
SG_002375,0.186296
SG_002381,0.137913
SG_002385,0.134019
SG_002387,0.167362
SG_002390,0.175064
SG_002391,0.107763
SG_002392,0.110565
SG_002394,0.208916
SG_002396,0.146661
SG_002401,0.153448
SG_002402,0.138653
SG_002404,0.192487
SG_002407,0.170864
SG_002410,0.143017
SG_002419,0.244685
SG_002421,0.165670
SG_002422,0.149635
SG_002423,0.247709
SG_002429,0.156245
SG_002430,0.165496
SG_002434,0.230777
SG_002437,0.175983
SG_002442,0.127002
SG_002444,0.085014
SG_002447,0.147382
SG_002448,0.139693
SG_002450,0.250948
SG_002453,0.121631
SG_002454,0.151483
SG_002455,0.221936
SG_002456,0.180321
SG_002458,0.186423
SG_002459,0.148764
SG_002460,0.197504
SG_002462,0.132135
SG_002464,0.151280
SG_002466,0.192868
SG_002475,0.179869
SG_002477,0.184941
SG_002479,0.162745
SG_002482,0.195202
SG_002483,0.230316
SG_002486,0.171927
SG_002490,0.228186
SG_002493,0.150287
SG_002495,0.184525
SG_002498,0.157548
SG_002500,0.194400
SG_002502,0.141483
SG_002507,0.159040
SG_002509,0.193224
SG_002517,0.220190
SG_002520,0.144357
SG_002522,0.149402
SG_002526,0.119275
SG_002529,0.116117
SG_002532,0.129705
SG_002539,0.109950
SG_002541,0.091349
SG_002544,0.131023
SG_002545,0.155204
SG_002546,0.161966
SG_002548,0.174054
SG_002555,0.216146
SG_002559,0.165196
SG_002568,0.120629
SG_002572,0.242959
SG_002573,0.127083
SG_002577,0.179496
SG_002580,0.197707
SG_002583,0.255107
SG_002586,0.154066
SG_002587,0.216832
SG_002588,0.149723
SG_002594,0.143657
SG_002596,0.079882
SG_002597,0.101817
SG_002599,0.155070
SG_002600,0.151231
SG_002601,0.071333
SG_002605,0.183873
SG_002613,0.181890
SG_002615,0.183739
SG_002618,0.116649
SG_002622,0.136146
SG_002627,0.187240
SG_002628,0.175312
SG_002630,0.079742
SG_002633,0.149276
SG_002638,0.092014
SG_002649,0.157251
SG_002650,0.167299
SG_002652,0.138902
SG_002653,0.189897
SG_002654,0.105258
SG_002657,0.150790
SG_002664,0.168067
SG_002665,0.096977
SG_002666,0.211147
SG_002667,0.222553
SG_002672,0.149645
SG_002673,0.181708
SG_002674,0.200992
SG_002675,0.161535
SG_002680,0.292108
SG_002684,0.282972
SG_002688,0.210081
SG_002689,0.150280
SG_002691,0.115832
SG_002693,0.243570
SG_002699,0.156430
SG_002701,0.178696
SG_002705,0.189840
SG_002720,0.075272
SG_002731,0.165982
SG_002733,0.140330
SG_002735,0.157047
SG_002736,0.203303
SG_002738,0.137486
SG_002742,0.174059
SG_002746,0.116029
SG_002748,0.102855
SG_002752,0.110967
SG_002755,0.139486
SG_002757,0.145308
SG_002759,0.171772
SG_002767,0.165714
SG_002770,0.215958
SG_002773,0.217341
SG_002777,0.228829
SG_002782,0.135178
SG_002783,0.116792
SG_002785,0.149167
SG_002788,0.210956
SG_002789,0.193276
SG_002793,0.155043
SG_002796,0.137846
SG_002798,0.200344
SG_002809,0.203205
SG_002814,0.214574
SG_002820,0.182355
SG_002825,0.192382
SG_002827,0.160969
SG_002829,0.187943
SG_002832,0.195338
SG_002834,0.137784
SG_002840,0.154798
SG_002842,0.155605
SG_002843,0.146896
SG_002849,0.255690
SG_002850,0.132047
SG_002853,0.147267
SG_002875,0.186687
SG_002882,0.241277
SG_002887,0.252676
SG_002891,0.224920
SG_002896,0.145327
SG_002904,0.199556
SG_002906,0.205913
SG_002907,0.170643
SG_002910,0.180566
SG_002918,0.178680
SG_002926,0.159400
SG_002930,0.150404
SG_002932,0.121062
SG_002937,0.166924
SG_002939,0.178585
SG_002943,0.137757
SG_002944,0.175892
SG_002947,0.101504
SG_002949,0.157247
SG_002950,0.111840
SG_002952,0.157878
SG_002954,0.203807
SG_002955,0.200287
SG_002958,0.198033
SG_002960,0.135635
SG_002964,0.192831
SG_002967,0.188918
SG_002972,0.254787
SG_002982,0.282538
SG_002985,0.221542
SG_002989,0.188313
SG_002999,0.158099
SG_003002,0.214553
SG_003008,0.149155
SG_003023,0.126547
SG_003024,0.127909
SG_003026,0.164251
SG_003028,0.192577
SG_003030,0.134638
SG_003031,0.166401
SG_003037,0.127108
SG_003042,0.158667
SG_003043,0.127809
SG_003044,0.187522
SG_003045,0.133083
SG_003048,0.153097
SG_003049,0.121303
SG_003051,0.159759
SG_003052,0.140311
SG_003059,0.234275
SG_003062,0.145247
SG_003065,0.161840
SG_003067,0.108216
SG_003071,0.133514
SG_003072,0.186492
SG_003073,0.155323
SG_003075,0.153741
SG_003080,0.126663
SG_003082,0.159063
SG_003084,0.167517
SG_003085,0.154528
SG_003088,0.184554
SG_003089,0.165150
SG_003096,0.121104
SG_003097,0.172846
SG_003102,0.144998
SG_003105,0.236165
SG_003107,0.103829
SG_003111,0.134555
SG_003116,0.171887
SG_003118,0.139573
SG_003125,0.119095
SG_003127,0.163076
SG_003133,0.242343
SG_003135,0.165719
SG_003137,0.155185
SG_003138,0.146837
SG_003139,0.208068
SG_003141,0.252843
SG_003144,0.230542
SG_003151,0.200993
SG_003154,0.175949
SG_003158,0.255116
SG_003160,0.109856
SG_003164,0.234450
SG_003168,0.135653
SG_003169,0.116611
SG_003174,0.135187
SG_003179,0.219653
SG_003184,0.171901
SG_003186,0.142074
SG_003193,0.174139
SG_003196,0.113694
SG_003198,0.199016
SG_003201,0.177064
SG_003204,0.219252
SG_003205,0.195776
SG_003206,0.135075
SG_003211,0.223290
SG_003214,0.160332
SG_003215,0.154506
SG_003216,0.187911
SG_003217,0.189282
SG_003219,0.124035
SG_003226,0.202067
SG_003227,0.166743
SG_003230,0.179715
SG_003231,0.190229
SG_003232,0.099319
SG_003234,0.148275
SG_003239,0.183077
SG_003241,0.089856
SG_003243,0.160619
SG_003250,0.125811
SG_003253,0.197193
SG_003256,0.135056
SG_003259,0.161589
SG_003266,0.198721
SG_003272,0.207671
SG_003273,0.133779
SG_003281,0.101446
SG_003284,0.157181
SG_003288,0.084966
SG_003293,0.146788
SG_003294,0.208211
SG_003295,0.169094
SG_003296,0.127160
SG_003301,0.177754
SG_003304,0.176035
SG_003305,0.185699
SG_003307,0.214843
SG_003310,0.208016
SG_003314,0.226694
SG_003321,0.119597
SG_003325,0.184189
SG_003328,0.200149
SG_003331,0.172125
SG_003332,0.203887
SG_003333,0.155634
SG_003340,0.195455
SG_003341,0.224219
SG_003342,0.155029
SG_003349,0.195200
SG_003355,0.147270
SG_003357,0.295711
SG_003361,0.136703
SG_003370,0.238331
SG_003371,0.180875
SG_003373,0.181380
SG_003374,0.257917
SG_003379,0.175936
SG_003388,0.113218
SG_003389,0.191585
SG_003390,0.090261
SG_003391,0.209271
SG_003392,0.185067
SG_003393,0.266149
SG_003397,0.112573
SG_003398,0.138746
SG_003399,0.150573
SG_003402,0.171752
SG_003404,0.162995
SG_003407,0.094986
SG_003408,0.145353
SG_003422,0.107259
SG_003426,0.173998
SG_003430,0.176010
SG_003434,0.090621
SG_003437,0.195206
SG_003439,0.175824
SG_003440,0.151934
SG_003441,0.080712
SG_003444,0.195822
SG_003447,0.208858
SG_003452,0.103259
SG_003453,0.292952
SG_003464,0.185898
SG_003469,0.151656
SG_003475,0.176043
SG_003477,0.258421
SG_003479,0.158672
SG_003480,0.168502
SG_003482,0.245213
SG_003483,0.256540
SG_003485,0.141933
SG_003486,0.227856
SG_003489,0.055412
SG_003491,0.119788
SG_003492,0.102012
SG_003493,0.148581
SG_003501,0.176676
SG_003505,0.128542
SG_003509,0.100837
SG_003517,0.173919
SG_003521,0.142873
SG_003526,0.128261
SG_003528,0.153304
SG_003532,0.150696
SG_003535,0.075333
SG_003538,0.181839
SG_003541,0.104006
SG_003545,0.128967
SG_003548,0.146284
SG_003549,0.170413
SG_003554,0.105194
SG_003557,0.242471
SG_003566,0.181693
SG_003568,0.098715
SG_003572,0.172795
SG_003575,0.215822
SG_003578,0.136028
SG_003584,0.197455
SG_003585,0.171744
SG_003588,0.187372
SG_003589,0.167740
SG_003594,0.133857
SG_003597,0.181853
SG_003598,0.183553
SG_003601,0.205698
SG_003603,0.295978
SG_003610,0.168877
SG_003611,0.132380
SG_003613,0.205627
SG_003618,0.145792
SG_003619,0.166891
SG_003620,0.177251
SG_003625,0.232708
SG_003627,0.110959
SG_003628,0.146829
SG_003629,0.166088
SG_003637,0.210138
SG_003648,0.118642
SG_003650,0.113384
SG_003666,0.159375
SG_003668,0.225777
SG_003670,0.158085
SG_003671,0.119354
SG_003689,0.135235
SG_003691,0.126518
SG_003699,0.223467
SG_003702,0.235561
SG_003704,0.141823
SG_003705,0.184072
SG_003706,0.187233
SG_003708,0.088685
SG_003710,0.125485
SG_003711,0.158836
SG_003714,0.164052
SG_003715,0.210895
SG_003722,0.197063
SG_003745,0.180415
SG_003746,0.129085
SG_003751,0.117795
SG_003754,0.218705
SG_003757,0.147954
SG_003758,0.152688
SG_003765,0.121762
SG_003767,0.134457
SG_003768,0.136530
SG_003769,0.149779
SG_003777,0.232188
SG_003783,0.103565
SG_003786,0.147590
SG_003787,0.142977
SG_003788,0.142725
SG_003792,0.109321
SG_003795,0.187946
SG_003806,0.203626
SG_003807,0.212738
SG_003809,0.166803
SG_003810,0.122357
SG_003812,0.243436
SG_003820,0.214756
SG_003822,0.206783
SG_003829,0.172989
SG_003835,0.092072
SG_003843,0.206678
SG_003844,0.170266
SG_003851,0.121085
SG_003852,0.199081
SG_003856,0.138670
SG_003860,0.187178
SG_003863,0.138921
SG_003865,0.163643
SG_003868,0.203868
SG_003869,0.090753
SG_003874,0.151260
SG_003878,0.202914
SG_003880,0.186939
SG_003881,0.194568
SG_003886,0.119906
SG_003896,0.133953
SG_003904,0.212461
SG_003905,0.231678
SG_003906,0.129791
SG_003907,0.150175
SG_003908,0.171847
SG_003910,0.187051
SG_003917,0.146988
SG_003919,0.239531
SG_003920,0.181909
SG_003921,0.114125
SG_003922,0.207506
SG_003925,0.116359
SG_003926,0.097867
SG_003935,0.131754
SG_003937,0.130175
SG_003940,0.143999
SG_003941,0.152390
SG_003945,0.226377
SG_003951,0.245009
SG_003958,0.083113
SG_003959,0.121273
SG_003961,0.257832
SG_003966,0.206517
SG_003967,0.121924
SG_003969,0.162533
SG_003972,0.181946
SG_003977,0.159110
SG_003978,0.107531
SG_003979,0.221056
SG_003988,0.147006
SG_003992,0.260666
SG_003994,0.147954
SG_003995,0.127471
SG_004001,0.175840
SG_004002,0.129416
SG_004011,0.130750
SG_004012,0.159738
SG_004016,0.218178
SG_004019,0.182924
SG_004034,0.147471
SG_004036,0.152886
SG_004041,0.210287
SG_004042,0.177798
SG_004045,0.122072
SG_004048,0.296092
SG_004049,0.094570
SG_004050,0.236124
SG_004054,0.140790
SG_004060,0.198150
SG_004063,0.152121
SG_004064,0.146536
SG_004065,0.207340
SG_004066,0.143858
SG_004071,0.111438
SG_004074,0.101373
SG_004078,0.159740
SG_004079,0.109633
SG_004080,0.170961
SG_004081,0.245149
SG_004083,0.221469
SG_004087,0.142346
SG_004089,0.142166
SG_004091,0.116547
SG_004093,0.206196
SG_004094,0.226786
SG_004100,0.162187
SG_004107,0.151312
SG_004109,0.142589
SG_004110,0.203819
SG_004111,0.195798
SG_004123,0.114617
SG_004126,0.150099
SG_004127,0.078821
SG_004129,0.160473
SG_004130,0.145179
SG_004131,0.177858
SG_004136,0.144306
SG_004140,0.155535
SG_004149,0.117104
SG_004152,0.215083
SG_004155,0.202346
SG_004157,0.103392
SG_004163,0.132019
SG_004164,0.138742
SG_004168,0.172750
SG_004170,0.193238
SG_004171,0.158103
SG_004174,0.138233
SG_004175,0.181810
SG_004178,0.160819
SG_004181,0.219064
SG_004184,0.224507
SG_004186,0.174843
SG_004187,0.184667
SG_004191,0.142946
SG_004192,0.216336
SG_004197,0.198992
SG_004201,0.187629
SG_004204,0.233894
SG_004207,0.194893
SG_004209,0.293699
SG_004214,0.226415
SG_004218,0.145089
SG_004220,0.141750
SG_004223,0.111967
SG_004224,0.174873
SG_004225,0.178469
SG_004228,0.184481
SG_004229,0.145052
SG_004230,0.161040
SG_004235,0.095409
SG_004238,0.193978
SG_004239,0.309142
SG_004244,0.183094
SG_004253,0.246821
SG_004256,0.141084
SG_004257,0.172657
SG_004258,0.153492
SG_004262,0.212171
SG_004263,0.129993
SG_004265,0.142585
SG_004268,0.147294
SG_004269,0.170444
SG_004271,0.137612
SG_004286,0.189004
SG_004289,0.150348
SG_004290,0.160657
SG_004291,0.213116
SG_004297,0.186282
SG_004300,0.201282
SG_004302,0.182440
SG_004305,0.163532
SG_004306,0.144051
SG_004312,0.201891
SG_004313,0.114579
SG_004315,0.200200
SG_004320,0.137616
SG_004321,0.218533
SG_004322,0.154801
SG_004325,0.232209
SG_004326,0.231968
SG_004339,0.152116
SG_004342,0.188994
SG_004347,0.154056
SG_004348,0.198570
SG_004349,0.248980
SG_004350,0.219787
SG_004357,0.098615
SG_004358,0.160860
SG_004359,0.185584
SG_004362,0.166556
SG_004365,0.159042
SG_004368,0.265654
SG_004369,0.187377
SG_004370,0.140586
SG_004378,0.156217
SG_004379,0.168734
SG_004388,0.179341
SG_004390,0.121422
SG_004391,0.131317
SG_004401,0.107991
SG_004404,0.313508
SG_004405,0.166583
SG_004406,0.144010
SG_004408,0.111590
SG_004415,0.152006
SG_004417,0.077766
SG_004419,0.181117
SG_004420,0.242754
SG_004422,0.187243
SG_004423,0.111771
SG_004426,0.099101
SG_004427,0.110114
SG_004429,0.150442
SG_004432,0.123647
SG_004439,0.246253
SG_004445,0.167971
SG_004447,0.193881
SG_004448,0.106107
SG_004451,0.210542
SG_004457,0.152099
SG_004458,0.053322
SG_004460,0.151252
SG_004461,0.201451
SG_004462,0.069622
SG_004464,0.202847
SG_004465,0.153021
SG_004469,0.124148
SG_004474,0.180867
SG_004475,0.139993
SG_004476,0.150630
SG_004477,0.153621
SG_004480,0.174535
SG_004482,0.214393
SG_004484,0.188010
SG_004486,0.139186
SG_004494,0.299977
SG_004504,0.154662
SG_004508,0.162224
SG_004509,0.206650
SG_004511,0.161849
SG_004514,0.187588
SG_004515,0.205104
SG_004518,0.185240
SG_004521,0.099754
SG_004526,0.151624
SG_004530,0.183821
SG_004534,0.169796
SG_004536,0.127712
SG_004538,0.147039
SG_004539,0.205386
SG_004541,0.189856
SG_004549,0.189257
SG_004552,0.179246
SG_004553,0.142561
SG_004556,0.170304
SG_004559,0.139696
SG_004562,0.135250
SG_004565,0.108761
SG_004568,0.153837
SG_004576,0.141905
SG_004577,0.163639
SG_004593,0.280962
SG_004594,0.215139
SG_004600,0.246277
SG_004602,0.205165
SG_004608,0.150752
SG_004609,0.178431
SG_004612,0.135184
SG_004614,0.110743
SG_004617,0.151317
SG_004620,0.091380
SG_004623,0.157974
SG_004626,0.269130
SG_004631,0.245661
SG_004632,0.139247
SG_004633,0.215280
SG_004635,0.168053
SG_004637,0.161491
SG_004638,0.216090
SG_004641,0.249505
SG_004645,0.154699
SG_004652,0.127276
SG_004653,0.157437
SG_004655,0.262258
SG_004656,0.194165
SG_004658,0.156737
SG_004659,0.137660
SG_004662,0.170899
SG_004664,0.122417
SG_004668,0.174168
SG_004669,0.167126
SG_004672,0.218490
SG_004676,0.177085
SG_004682,0.156304
SG_004685,0.216172
SG_004689,0.126463
SG_004695,0.138642
SG_004697,0.162027
SG_004700,0.205539
SG_004701,0.249462
SG_004709,0.157055
SG_004710,0.111341
SG_004712,0.133920
SG_004716,0.186356
SG_004720,0.096717
SG_004721,0.116800
SG_004723,0.135736
SG_004731,0.224823
SG_004736,0.212533
SG_004737,0.144698
SG_004738,0.128461
SG_004739,0.220821
SG_004742,0.175459
SG_004751,0.207523
SG_004753,0.091017
SG_004755,0.192671
SG_004757,0.170139
SG_004760,0.132847
SG_004761,0.118170
SG_004762,0.087522
SG_004763,0.182291
SG_004764,0.249345
SG_004766,0.206385
SG_004769,0.125483
SG_004772,0.140970
SG_004773,0.157799
SG_004782,0.112917
SG_004784,0.205839
SG_004786,0.221568
SG_004787,0.130787
SG_004789,0.084871
SG_004797,0.164312
SG_004798,0.149819
SG_004799,0.196675
SG_004801,0.252042
SG_004804,0.244219
SG_004813,0.151993
SG_004816,0.282233
SG_004817,0.101266
SG_004818,0.175357
SG_004821,0.156301
SG_004827,0.201145
SG_004828,0.178431
SG_004829,0.161436
SG_004830,0.252697
SG_004831,0.183791
SG_004836,0.134395
SG_004840,0.157139
SG_004842,0.123998
SG_004844,0.135753
SG_004846,0.254034
SG_004853,0.151651
SG_004855,0.242265
SG_004856,0.154692
SG_004866,0.113460
SG_004867,0.088981
SG_004868,0.254126
SG_004873,0.195411
SG_004877,0.191782
SG_004881,0.175044
SG_004882,0.194765
SG_004887,0.176994
SG_004898,0.252272
SG_004900,0.205677
SG_004906,0.261858
SG_004907,0.148404
SG_004912,0.204316
SG_004913,0.119250
SG_004919,0.152431
SG_004922,0.173109
SG_004923,0.184408
SG_004925,0.168896
SG_004927,0.128594
SG_004929,0.247546
SG_004930,0.235895
SG_004939,0.165810
SG_004942,0.094782
SG_004944,0.150214
SG_004945,0.150275
SG_004959,0.134688
SG_004960,0.205498
SG_004964,0.153270
SG_004968,0.231925
SG_004969,0.180268
SG_004973,0.270385
SG_004975,0.189093
SG_004981,0.183906
SG_004985,0.225529
SG_004988,0.275914
SG_004990,0.147679
SG_004993,0.115611
SG_004997,0.091808
SG_005000,0.146931
SG_005002,0.234274
SG_005004,0.265473
SG_005011,0.164405
SG_005013,0.140631
SG_005018,0.136637
SG_005019,0.108240
SG_005020,0.150212
SG_005022,0.109734
SG_005027,0.159515
SG_005029,0.104032
SG_005030,0.128669
SG_005031,0.135929
SG_005033,0.111672
SG_005037,0.128156
SG_005041,0.118211
SG_005048,0.176818
SG_005049,0.165420
SG_005052,0.162342
SG_005057,0.154988
SG_005058,0.152253
SG_005062,0.251927
SG_005080,0.150109
SG_005085,0.117130
SG_005086,0.206772
SG_005089,0.207813
SG_005090,0.128532
SG_005091,0.248232
SG_005094,0.198042
SG_005097,0.208188
SG_005098,0.121504
SG_005100,0.173137
SG_005101,0.195504
SG_005102,0.237514
SG_005108,0.236369
SG_005110,0.251812
SG_005114,0.189381
SG_005120,0.162090
SG_005122,0.177465
SG_005123,0.174245
SG_005126,0.242217
SG_005131,0.107397
SG_005132,0.090404
SG_005134,0.108891
SG_005137,0.132955
SG_005140,0.156363
SG_005141,0.195061
SG_005142,0.199734
SG_005143,0.093594
SG_005148,0.156283
SG_005161,0.156663
SG_005168,0.213971
SG_005170,0.125975
SG_005171,0.153741
SG_005174,0.158051
SG_005175,0.155746
SG_005178,0.191449
SG_005179,0.112014
SG_005188,0.222956
SG_005190,0.221172
SG_005191,0.124177
SG_005194,0.212797
SG_005196,0.133666
SG_005199,0.149055
SG_005200,0.110062
SG_005203,0.184109
SG_005205,0.197722
SG_005213,0.141599
SG_005214,0.177585
SG_005216,0.246345
SG_005220,0.141044
SG_005224,0.131877
SG_005228,0.183614
SG_005233,0.162267
SG_005235,0.193981
SG_005240,0.096603
SG_005241,0.204899
SG_005246,0.184080
SG_005247,0.136930
SG_005248,0.168153
SG_005250,0.187889
SG_005251,0.169826
SG_005253,0.135096
SG_005255,0.158685
SG_005264,0.163920
SG_005268,0.080385
SG_005270,0.176953
SG_005277,0.225451
SG_005282,0.133891
SG_005283,0.183666
SG_005284,0.145764
SG_005287,0.200113
SG_005289,0.156372
SG_005291,0.217677
SG_005292,0.131514
SG_005296,0.088542
SG_005302,0.184269
SG_005305,0.201118
SG_005311,0.153393
SG_005312,0.150654
SG_005313,0.155095
SG_005316,0.165534
SG_005320,0.193619
SG_005321,0.223281
SG_005322,0.209488
SG_005323,0.238802
SG_005325,0.190997
SG_005328,0.173180
SG_005329,0.173369
SG_005332,0.222015
SG_005333,0.231177
SG_005335,0.141709
SG_005340,0.172184
SG_005341,0.142237
SG_005346,0.154945
SG_005350,0.290931
SG_005351,0.143704
SG_005353,0.097862
SG_005356,0.130878
SG_005360,0.187152
SG_005362,0.177135
SG_005363,0.112351
SG_005365,0.212383
SG_005371,0.139552
SG_005372,0.153150
SG_005376,0.182514
SG_005378,0.150635
SG_005379,0.093816
SG_005380,0.250938
SG_005384,0.248523
SG_005386,0.191390
SG_005387,0.267795
SG_005397,0.193338
SG_005401,0.196019
SG_005408,0.212470
SG_005412,0.143975
SG_005414,0.202105
SG_005421,0.180606
SG_005424,0.123328
SG_005428,0.182755
SG_005432,0.173672
SG_005439,0.252073
SG_005444,0.138730
SG_005445,0.189841
SG_005446,0.127849
SG_005447,0.231609
SG_005449,0.156506
SG_005450,0.156356
SG_005451,0.197303
SG_005452,0.124634
SG_005456,0.189925
SG_005457,0.130708
SG_005459,0.064244
SG_005460,0.128384
SG_005465,0.238892
SG_005466,0.212153
SG_005470,0.225859
SG_005473,0.198697
SG_005477,0.204003
SG_005486,0.160961
SG_005489,0.146637
SG_005491,0.253273
SG_005496,0.152185
SG_005497,0.195147
SG_005499,0.134709
SG_005503,0.182865
SG_005504,0.142904
SG_005506,0.141481
SG_005510,0.138012
SG_005511,0.228348
SG_005515,0.133023
SG_005518,0.217081
SG_005519,0.231248
SG_005524,0.212891
SG_005529,0.173465
SG_005530,0.161862
SG_005531,0.168883
SG_005532,0.115328
SG_005534,0.148799
SG_005535,0.180594
SG_005541,0.168457
SG_005542,0.186764
SG_005550,0.110970
SG_005555,0.149782
SG_005557,0.154141
SG_005565,0.148735
SG_005569,0.141310
SG_005572,0.123591
SG_005575,0.112677
SG_005579,0.290890
SG_005580,0.180921
SG_005583,0.129472
SG_005591,0.210585
SG_005592,0.141922
SG_005593,0.154877
SG_005594,0.153368
SG_005599,0.196976
SG_005603,0.221596
SG_005606,0.146805
SG_005611,0.170220
SG_005615,0.266777
SG_005622,0.203503
SG_005625,0.171322
SG_005630,0.124983
SG_005634,0.176228
SG_005635,0.155079
SG_005636,0.214892
SG_005638,0.184934
SG_005640,0.161695
SG_005643,0.135452
SG_005644,0.109698
SG_005645,0.149514
SG_005650,0.195777
SG_005654,0.252327
SG_005655,0.080055
SG_005656,0.187054
SG_005661,0.289096
SG_005664,0.108839
SG_005666,0.192184
SG_005671,0.175529
SG_005681,0.149684
SG_005683,0.197043
SG_005687,0.187502
SG_005688,0.204622
SG_005691,0.183394
SG_005692,0.186325
SG_005693,0.163792
SG_005694,0.224907
SG_005696,0.185171
SG_005703,0.151746
SG_005704,0.166195
SG_005706,0.202931
SG_005707,0.223993
SG_005713,0.131896
SG_005715,0.156457
SG_005719,0.123171
SG_005722,0.072659
SG_005724,0.194916
SG_005725,0.153664
SG_005726,0.115206
SG_005730,0.215854
SG_005735,0.143142
SG_005736,0.192599
SG_005740,0.185837
SG_005748,0.215390
SG_005750,0.160258
SG_005753,0.198468
SG_005758,0.116090
SG_005759,0.128380
SG_005764,0.145846
SG_005765,0.099029
SG_005772,0.183914
SG_005773,0.114767
SG_005776,0.142099
SG_005778,0.185788
SG_005784,0.149712
SG_005786,0.155092
SG_005789,0.156673
SG_005794,0.187205
SG_005796,0.151489
SG_005801,0.126167
SG_005807,0.091684
SG_005809,0.149599
SG_005811,0.204926
SG_005813,0.116963
SG_005814,0.199570
SG_005817,0.131594
SG_005818,0.135148
SG_005820,0.124295
SG_005821,0.171905
SG_005824,0.123848
SG_005825,0.140383
SG_005827,0.173018
SG_005828,0.210844
SG_005830,0.144090
SG_005838,0.265727
SG_005840,0.214763
SG_005842,0.177323
SG_005846,0.135337
SG_005847,0.087155
SG_005848,0.177596
SG_005857,0.242016
SG_005861,0.152320
SG_005862,0.207636
SG_005871,0.180349
SG_005872,0.208156
SG_005873,0.127017
SG_005874,0.171853
SG_005875,0.168854
SG_005877,0.139537
SG_005880,0.103758
SG_005884,0.160634
SG_005892,0.205077
SG_005894,0.162137
SG_005898,0.176673
SG_005899,0.183922
SG_005905,0.215341
SG_005909,0.114955
SG_005910,0.171664
SG_005920,0.226105
SG_005921,0.308763
SG_005922,0.167022
SG_005925,0.236453
SG_005928,0.175556
SG_005932,0.103951
SG_005934,0.181398
SG_005935,0.123856
SG_005937,0.172890
SG_005939,0.151879
SG_005943,0.172185
SG_005951,0.115150
SG_005955,0.208395
SG_005959,0.232285
SG_005966,0.144913
SG_005967,0.256867
SG_005969,0.223786
SG_005976,0.193822
SG_005977,0.162574
SG_005979,0.198541
SG_005980,0.171437
SG_005985,0.225794
SG_005986,0.238174
SG_005991,0.281615
SG_005999,0.122604
SG_006000,0.187889
SG_006004,0.211284
SG_006009,0.210450
SG_006012,0.171072
SG_006013,0.152191
SG_006022,0.114092
SG_006023,0.196632
SG_006026,0.179370
SG_006028,0.177914
SG_006029,0.196082
SG_006033,0.211862
SG_006035,0.125476
SG_006036,0.145117
SG_006038,0.200648
SG_006039,0.190213
SG_006041,0.144714
SG_006047,0.133440
SG_006049,0.168890
SG_006050,0.199013
SG_006054,0.106381
SG_006063,0.131382
SG_006067,0.282201
SG_006069,0.254848
SG_006073,0.106773
SG_006074,0.090210
SG_006075,0.110843
SG_006076,0.197275
SG_006077,0.218854
SG_006079,0.214011
SG_006081,0.141245
SG_006086,0.142338
SG_006092,0.147605
SG_006095,0.182081
SG_006097,0.179821
SG_006099,0.232084
SG_006101,0.170063
SG_006112,0.221403
SG_006122,0.195559
SG_006127,0.198603
SG_006131,0.125955
SG_006133,0.177821
SG_006136,0.143096
SG_006137,0.199839
SG_006140,0.207723
SG_006143,0.147213
SG_006148,0.112188
SG_006150,0.181059
SG_006151,0.169654
SG_006154,0.098718
SG_006161,0.152644
SG_006163,0.160785
SG_006169,0.166706
SG_006170,0.157397
SG_006179,0.163641
SG_006181,0.177292
SG_006184,0.144693
SG_006187,0.078734
SG_006189,0.187187
SG_006197,0.121643
SG_006202,0.143357
SG_006206,0.171183
SG_006212,0.190304
SG_006213,0.188945
SG_006218,0.161415
SG_006222,0.176368
SG_006224,0.155851
SG_006225,0.250690
SG_006226,0.238019
SG_006229,0.107080
SG_006237,0.176924
SG_006238,0.086454
SG_006240,0.114306
SG_006241,0.131285
SG_006242,0.161368
SG_006244,0.153345
SG_006245,0.139847
SG_006247,0.159526
SG_006250,0.119732
SG_006251,0.170156
SG_006252,0.186585
SG_006254,0.204526
SG_006256,0.230856
SG_006260,0.178088
SG_006262,0.207401
SG_006263,0.150659
SG_006264,0.128043
SG_006266,0.332984
SG_006269,0.210472
SG_006275,0.273797
SG_006277,0.128064
SG_006283,0.160796
SG_006284,0.127918
SG_006287,0.171910
SG_006288,0.164710
SG_006300,0.187692
SG_006301,0.127428
SG_006304,0.137009
SG_006306,0.161199
SG_006313,0.157719
SG_006315,0.182925
SG_006317,0.186472
SG_006320,0.184843
SG_006322,0.261513
SG_006326,0.146394
SG_006328,0.183073
SG_006331,0.135921
SG_006337,0.183335
SG_006340,0.165848
SG_006345,0.197049
SG_006348,0.125567
SG_006349,0.148444
SG_006356,0.131546
SG_006357,0.142612
SG_006358,0.165405
SG_006360,0.236589
SG_006371,0.175090
SG_006373,0.195134
SG_006380,0.172757
SG_006382,0.080704
SG_006388,0.104044
SG_006393,0.166365
SG_006394,0.138794
SG_006396,0.104319
SG_006398,0.141201
SG_006400,0.180010
SG_006403,0.108626
SG_006404,0.140781
SG_006411,0.169991
SG_006417,0.196026
SG_006418,0.196639
SG_006420,0.215114
SG_006421,0.122551
SG_006423,0.118672
SG_006424,0.139495
SG_006429,0.222470
SG_006435,0.144994
SG_006438,0.152368
SG_006439,0.175212
SG_006441,0.114000
SG_006445,0.149774
SG_006446,0.131299
SG_006448,0.211968
SG_006451,0.130084
SG_006452,0.190308
SG_006455,0.209782
SG_006463,0.185773
SG_006467,0.162728
SG_006469,0.181325
SG_006470,0.153511
SG_006477,0.149606
SG_006480,0.233798
SG_006486,0.112081
SG_006487,0.140110
SG_006488,0.185353
SG_006490,0.222802
SG_006491,0.172120
SG_006493,0.108287
SG_006494,0.168881
SG_006496,0.131098
SG_006497,0.192613
SG_006498,0.183579
SG_006500,0.198927
SG_006502,0.121929
SG_006503,0.193162
SG_006505,0.265513
SG_006506,0.214282
SG_006507,0.138735
SG_006512,0.113114
SG_006516,0.164346
SG_006520,0.145971
SG_006522,0.131279
SG_006528,0.180795
SG_006534,0.142986
SG_006535,0.153934
SG_006536,0.085459
SG_006537,0.197225
SG_006539,0.200974
SG_006541,0.157184
SG_006543,0.226104
SG_006545,0.197362
SG_006548,0.162390
SG_006550,0.119594
SG_006551,0.088605
SG_006557,0.164445
SG_006560,0.117314
SG_006564,0.272540
SG_006566,0.161687
SG_006567,0.149589
SG_006577,0.156217
SG_006579,0.141436
SG_006581,0.112904
SG_006588,0.149538
SG_006592,0.221106
SG_006597,0.092507
SG_006601,0.136440
SG_006607,0.087607
SG_006608,0.168317
SG_006610,0.125296
SG_006615,0.167925
SG_006616,0.159577
SG_006620,0.171088
SG_006622,0.131207
SG_006623,0.186455
SG_006624,0.143773
SG_006626,0.164088
SG_006627,0.250727
SG_006633,0.158175
SG_006637,0.172034
SG_006638,0.152417
SG_006639,0.143206
SG_006644,0.207357
SG_006645,0.162207
SG_006651,0.178545
SG_006659,0.147075
SG_006664,0.149989
SG_006668,0.129023
SG_006673,0.119619
SG_006687,0.146180
SG_006688,0.221688
SG_006690,0.173938
SG_006693,0.229484
SG_006698,0.103359
SG_006700,0.171676
SG_006706,0.135721
SG_006710,0.140129
SG_006713,0.141299
SG_006716,0.195435
SG_006728,0.140968
SG_006734,0.190074
SG_006736,0.221699
SG_006744,0.142875
SG_006745,0.161396
SG_006749,0.151812
SG_006758,0.191150
SG_006760,0.183534
SG_006765,0.173281
SG_006766,0.226024
SG_006769,0.205673
SG_006778,0.182540
SG_006780,0.138488
SG_006781,0.164811
SG_006786,0.170340
SG_006789,0.165779
SG_006792,0.219794
SG_006793,0.119734
SG_006800,0.207569
SG_006802,0.180220
SG_006808,0.148443
SG_006820,0.165923
SG_006833,0.145996
SG_006835,0.146210
SG_006837,0.171080
SG_006841,0.151837
SG_006847,0.190271
SG_006848,0.135926
SG_006851,0.155957
SG_006852,0.199264
SG_006860,0.155167
SG_006861,0.134223
SG_006863,0.132386
SG_006866,0.167368
SG_006868,0.200976
SG_006874,0.139774
SG_006877,0.151243
SG_006879,0.153172
SG_006880,0.118854
SG_006881,0.158726
SG_006889,0.101220
SG_006890,0.222951
SG_006897,0.274308
SG_006901,0.162969
SG_006908,0.150177
SG_006910,0.128371
SG_006914,0.219317
SG_006918,0.141853
SG_006924,0.155984
SG_006925,0.178288
SG_006927,0.149872
SG_006929,0.131102
SG_006937,0.167999
SG_006938,0.132786
SG_006940,0.189713
SG_006942,0.122351
SG_006945,0.109197
SG_006949,0.206378
SG_006950,0.196691
SG_006951,0.169466
SG_006953,0.101247
SG_006954,0.132663
SG_006956,0.179817
SG_006957,0.240538
SG_006962,0.150928
SG_006963,0.122567
SG_006964,0.123046
SG_006966,0.076852
SG_006970,0.165609
SG_006971,0.204061
SG_006972,0.140387
SG_006974,0.270566
SG_006977,0.162199
SG_006978,0.132906
SG_006981,0.240407
SG_006982,0.320950
SG_006983,0.105014
SG_006984,0.141020
SG_006987,0.165116
SG_006994,0.148668
SG_006997,0.114141
SG_007002,0.203269
SG_007005,0.219227
SG_007009,0.178262
SG_007011,0.169671
SG_007017,0.095348
SG_007018,0.092081
SG_007019,0.138067
SG_007029,0.187400
SG_007030,0.114139
SG_007033,0.149359
SG_007040,0.174113
SG_007047,0.218846
SG_007054,0.132257
SG_007055,0.244906
SG_007056,0.171289
SG_007061,0.134550
SG_007062,0.158482
SG_007067,0.184384
SG_007068,0.176816
SG_007069,0.220938
SG_007073,0.097815
SG_007075,0.162515
SG_007076,0.090245
SG_007078,0.197071
SG_007080,0.165261
SG_007091,0.169476
SG_007095,0.203561
SG_007100,0.193941
SG_007104,0.171577
SG_007112,0.157661
SG_007114,0.148168
SG_007127,0.107705
SG_007130,0.142103
SG_007133,0.201292
SG_007136,0.150882
SG_007138,0.203471
SG_007139,0.175710
SG_007143,0.142460
SG_007146,0.149393
SG_007150,0.181197
SG_007155,0.151663
SG_007157,0.170917
SG_007160,0.191784
SG_007162,0.162848
SG_007163,0.162746
SG_007166,0.154013
SG_007168,0.129097
SG_007170,0.190647
SG_007179,0.123388
SG_007181,0.141682
SG_007183,0.189782
SG_007186,0.090888
SG_007202,0.159516
SG_007203,0.209352
SG_007204,0.159176
SG_007205,0.253281
SG_007210,0.235240
SG_007212,0.195581
SG_007215,0.096701
SG_007218,0.200407
SG_007226,0.129382
SG_007229,0.137151
SG_007231,0.173270
SG_007234,0.166623
SG_007237,0.278633
SG_007239,0.149910
SG_007240,0.200536
SG_007249,0.185902
SG_007252,0.119267
SG_007255,0.081867
SG_007256,0.192729
SG_007257,0.199838
SG_007263,0.182527
SG_007264,0.109266
SG_007265,0.163660
SG_007268,0.155768
SG_007271,0.176079
SG_007275,0.173285
SG_007280,0.174630
SG_007281,0.198632
SG_007282,0.223441
SG_007283,0.122768
SG_007287,0.137917
SG_007288,0.279068
SG_007301,0.223495
SG_007307,0.147408
SG_007310,0.134301
SG_007312,0.152875
SG_007314,0.208441
SG_007319,0.152825
SG_007326,0.155322
SG_007331,0.122364
SG_007333,0.242243
SG_007334,0.186849
SG_007338,0.142340
SG_007340,0.182191
SG_007345,0.122651
SG_007349,0.195086
SG_007356,0.152906
SG_007358,0.083143
SG_007368,0.133607
SG_007370,0.132681
SG_007371,0.231392
SG_007372,0.162648
SG_007375,0.160148
SG_007378,0.131546
SG_007379,0.127045
SG_007380,0.220072
SG_007383,0.123555
SG_007384,0.193337
SG_007389,0.152610
SG_007390,0.139399
SG_007401,0.247339
SG_007403,0.155125
SG_007406,0.165112
SG_007409,0.255686
SG_007410,0.219325
SG_007413,0.174984
SG_007416,0.202663
SG_007419,0.163774
SG_007420,0.227135
SG_007423,0.185056
SG_007424,0.242433
SG_007428,0.187982
SG_007433,0.164301
SG_007434,0.095381
SG_007437,0.141114
SG_007441,0.201213
SG_007443,0.214549
SG_007450,0.138914
SG_007452,0.162195
SG_007455,0.163079
SG_007462,0.141671
SG_007464,0.172662
SG_007466,0.132092
SG_007469,0.140714
SG_007470,0.285754
SG_007472,0.114506
SG_007476,0.232252
SG_007486,0.273741
SG_007489,0.200427
SG_007490,0.175052
SG_007495,0.262313
SG_007499,0.238233
SG_007506,0.115239
SG_007508,0.191013
SG_007509,0.113174
SG_007517,0.150136
SG_007518,0.239064
SG_007522,0.191539
SG_007524,0.223500
SG_007527,0.107700
SG_007535,0.159417
SG_007540,0.259403
SG_007546,0.178389
SG_007552,0.155166
SG_007553,0.184560
SG_007557,0.150596
SG_007558,0.221768
SG_007560,0.207667
SG_007568,0.113315
SG_007571,0.221273
SG_007573,0.148576
SG_007577,0.119478
SG_007578,0.168783
SG_007579,0.069009
SG_007582,0.223337
SG_007586,0.101192
SG_007587,0.165092
SG_007589,0.134283
SG_007591,0.095205
SG_007595,0.140215
SG_007597,0.150753
SG_007599,0.139688
SG_007602,0.179897
SG_007605,0.105058
SG_007609,0.126786
SG_007614,0.228899
SG_007620,0.143728
SG_007628,0.215437
SG_007630,0.154604
SG_007646,0.217422
SG_007648,0.157272
SG_007654,0.138823
SG_007655,0.163935
SG_007656,0.295915
SG_007657,0.195795
SG_007658,0.152900
SG_007659,0.210498
SG_007660,0.149084
SG_007663,0.123867
SG_007665,0.242417
SG_007667,0.158649
SG_007670,0.192777
SG_007678,0.127847
SG_007679,0.260883
SG_007681,0.118780
SG_007685,0.144449
SG_007686,0.164821
SG_007687,0.149876
SG_007688,0.150764
SG_007691,0.114549
SG_007696,0.173000
SG_007698,0.125802
SG_007700,0.185478
SG_007703,0.127037
SG_007704,0.194206
SG_007706,0.163194
SG_007711,0.127140
SG_007712,0.166759
SG_007714,0.103317
SG_007717,0.199796
SG_007719,0.132450
SG_007720,0.152879
SG_007721,0.203935
SG_007728,0.154899
SG_007737,0.226901
SG_007741,0.132043
SG_007742,0.141478
SG_007744,0.155790
SG_007746,0.234199
SG_007748,0.126995
SG_007750,0.105369
SG_007751,0.080344
SG_007752,0.153035
SG_007758,0.227416
SG_007760,0.163916
SG_007762,0.223586
SG_007770,0.167275
SG_007772,0.166322
SG_007776,0.109811
SG_007780,0.211927
SG_007781,0.170012
SG_007782,0.119503
SG_007787,0.209655
SG_007800,0.225843
SG_007801,0.150509
SG_007804,0.142868
SG_007805,0.196291
SG_007807,0.161048
SG_007808,0.221027
SG_007813,0.173365
SG_007815,0.065176
SG_007817,0.151752
SG_007818,0.198535
SG_007820,0.156359
SG_007822,0.167290
SG_007823,0.162087
SG_007824,0.136545
SG_007834,0.164371
SG_007836,0.106117
SG_007839,0.125537
SG_007842,0.067640
SG_007844,0.170258
SG_007846,0.121487
SG_007849,0.160321
SG_007858,0.207130
SG_007864,0.251057
SG_007866,0.164735
SG_007875,0.222355
SG_007876,0.188724
SG_007880,0.202921
SG_007884,0.173710
SG_007889,0.259759
SG_007892,0.191737
SG_007897,0.148164
SG_007898,0.184261
SG_007899,0.141462
SG_007901,0.206318
SG_007908,0.272821
SG_007910,0.161575
SG_007922,0.143588
SG_007923,0.158614
SG_007926,0.207984
SG_007931,0.214638
SG_007933,0.167188
SG_007939,0.223127
SG_007940,0.145969
SG_007946,0.140615
SG_007947,0.136359
SG_007948,0.200830
SG_007954,0.123704
SG_007957,0.110502
SG_007960,0.165753
SG_007964,0.150411
SG_007965,0.159574
SG_007980,0.222749
SG_007985,0.140516
SG_007992,0.142227
SG_007996,0.159192
SG_007998,0.129994
SG_007999,0.139062
SG_008014,0.116646
SG_008015,0.130043
SG_008020,0.163523
SG_008026,0.155224
SG_008033,0.130087
SG_008043,0.168009
SG_008050,0.179312
SG_008055,0.185810
SG_008056,0.221855
SG_008058,0.232787
SG_008067,0.167161
SG_008074,0.206436
SG_008076,0.140949
SG_008081,0.172642
SG_008091,0.098090
SG_008099,0.141092
SG_008100,0.137007
SG_008101,0.123865
SG_008104,0.165876
SG_008115,0.212430
SG_008117,0.139076
SG_008118,0.197372
SG_008127,0.145563
SG_008131,0.197187
SG_008133,0.197596
SG_008137,0.196108
SG_008140,0.197661
SG_008141,0.229656
SG_008145,0.126502
SG_008152,0.097228
SG_008156,0.146995
SG_008160,0.129031
SG_008164,0.191612
SG_008167,0.218960
SG_008175,0.144249
SG_008176,0.253877
SG_008183,0.212328
SG_008188,0.173159
SG_008191,0.123089
SG_008192,0.149651
SG_008193,0.123543
SG_008195,0.199561
SG_008202,0.163910
SG_008213,0.205847
SG_008217,0.258439
SG_008224,0.147009
SG_008228,0.182038
SG_008229,0.115245
SG_008237,0.119090
SG_008242,0.103137
SG_008246,0.203571
SG_008248,0.165490
SG_008249,0.220476
SG_008253,0.212970
SG_008257,0.162166
SG_008261,0.205285
SG_008264,0.207346
SG_008265,0.162649
SG_008281,0.156063
SG_008283,0.161487
SG_008287,0.147474
SG_008291,0.274034
SG_008293,0.159842
SG_008294,0.138010
SG_008296,0.184490
SG_008298,0.169073
SG_008309,0.201884
SG_008310,0.116885
SG_008312,0.131733
SG_008316,0.180932
SG_008317,0.107460
SG_008318,0.151644
SG_008327,0.085595
SG_008330,0.146679
SG_008333,0.077469
SG_008336,0.168066
SG_008345,0.102644
SG_008347,0.106842
SG_008355,0.160236
SG_008358,0.149904
SG_008359,0.238388
SG_008360,0.146388
SG_008361,0.144789
SG_008362,0.230369
SG_008365,0.156106
SG_008366,0.187592
SG_008375,0.144885
SG_008376,0.210774
SG_008382,0.154792
SG_008383,0.208373
SG_008388,0.183089
SG_008389,0.216509
SG_008392,0.168267
SG_008396,0.130869
SG_008402,0.134172
SG_008410,0.163655
SG_008413,0.167107
SG_008417,0.175593
SG_008420,0.201025
SG_008422,0.172295
SG_008435,0.210724
SG_008440,0.102096
SG_008441,0.238381
SG_008442,0.132914
SG_008443,0.132111
SG_008444,0.119673
SG_008449,0.190012
SG_008452,0.170176
SG_008457,0.207499
SG_008459,0.148542
SG_008462,0.159939
SG_008467,0.231473
SG_008468,0.201764
SG_008478,0.096314
SG_008482,0.218826
SG_008484,0.243535
SG_008485,0.139482
SG_008494,0.217289
SG_008497,0.148382
SG_008498,0.128217
SG_008500,0.224074
SG_008501,0.210412
SG_008504,0.110491
SG_008506,0.166909
SG_008512,0.212600
SG_008514,0.273078
SG_008517,0.171295
SG_008522,0.179862
SG_008527,0.149924
SG_008529,0.182260
SG_008531,0.085451
SG_008534,0.324369
SG_008535,0.206759
SG_008536,0.145271
SG_008538,0.202891
SG_008541,0.138916
SG_008542,0.163212
SG_008545,0.266379
SG_008547,0.148669
SG_008549,0.192511
SG_008550,0.190360
SG_008551,0.150986
SG_008553,0.135252
SG_008555,0.162276
SG_008557,0.179397
SG_008561,0.140780
SG_008564,0.150812
SG_008565,0.210043
SG_008568,0.150524
SG_008569,0.104535
SG_008570,0.171804
SG_008572,0.141536
SG_008574,0.152299
SG_008575,0.224458
SG_008576,0.089892
SG_008577,0.177532
SG_008580,0.148662
SG_008586,0.180117
SG_008594,0.192430
SG_008598,0.121771
SG_008600,0.234566
SG_008614,0.161714
SG_008615,0.183123
SG_008617,0.146878
SG_008624,0.219061
SG_008630,0.166735
SG_008635,0.141066
SG_008636,0.185346
SG_008639,0.204334
SG_008645,0.154260
SG_008646,0.125132
SG_008650,0.209864
SG_008653,0.270230
SG_008669,0.205589
SG_008671,0.200115
SG_008689,0.241160
SG_008691,0.215176
SG_008693,0.182854
SG_008708,0.150252
SG_008714,0.197833
SG_008726,0.183174
SG_008727,0.248902
SG_008729,0.164074
SG_008734,0.225490
SG_008735,0.227082
SG_008737,0.254408
SG_008739,0.104587
SG_008745,0.239394
SG_008749,0.151023
SG_008755,0.167689
SG_008759,0.172701
SG_008766,0.162033
SG_008769,0.135626
SG_008770,0.161993
SG_008771,0.130761
SG_008773,0.176481
SG_008774,0.221260
SG_008776,0.090031
SG_008777,0.178917
SG_008780,0.152237
SG_008782,0.134028
SG_008784,0.203732
SG_008785,0.145947
SG_008787,0.143485
SG_008789,0.173283
SG_008793,0.176529
SG_008798,0.117918
SG_008810,0.223383
SG_008816,0.217443
SG_008823,0.186654
SG_008824,0.102548
SG_008825,0.149282
SG_008828,0.184823
SG_008836,0.118766
SG_008839,0.171535
SG_008840,0.078456
SG_008841,0.137950
SG_008843,0.168753
SG_008844,0.165054
SG_008845,0.160447
SG_008849,0.139926
SG_008850,0.197959
SG_008853,0.218438
SG_008855,0.174178
SG_008859,0.168789
SG_008862,0.136307
SG_008864,0.146666
SG_008865,0.143019
SG_008866,0.085894
SG_008867,0.309110
SG_008869,0.224290
SG_008876,0.164228
SG_008881,0.174877
SG_008883,0.099449
SG_008888,0.145898
SG_008889,0.222851
SG_008895,0.136101
SG_008897,0.142977
SG_008901,0.158273
SG_008905,0.105468
SG_008907,0.099047
SG_008908,0.121999
SG_008910,0.190136
SG_008913,0.212039
SG_008914,0.141305
SG_008917,0.161760
SG_008919,0.166273
SG_008920,0.178009
SG_008925,0.177946
SG_008926,0.147804
SG_008927,0.125063
SG_008930,0.158639
SG_008932,0.142149
SG_008934,0.187275
SG_008937,0.150806
SG_008940,0.127737
SG_008943,0.196478
SG_008947,0.108666
SG_008955,0.136404
SG_008960,0.214568
SG_008962,0.095896
SG_008964,0.152354
SG_008965,0.099345
SG_008966,0.129494
SG_008971,0.151322
SG_008972,0.096466
SG_008976,0.198128
SG_008978,0.142387
SG_008983,0.122032
SG_008989,0.272784
SG_008990,0.167038
SG_008994,0.185641
SG_008996,0.227896
SG_008998,0.106489
SG_008999,0.130508
SG_009001,0.193457
SG_009005,0.160486
SG_009006,0.138383
SG_009011,0.151833
SG_009017,0.149684
SG_009018,0.151017
SG_009032,0.141471
SG_009034,0.137298
SG_009043,0.196518
SG_009047,0.133947
SG_009048,0.182769
SG_009053,0.144149
SG_009055,0.168276
SG_009058,0.159034
SG_009063,0.231199
SG_009064,0.173641
SG_009065,0.207782
SG_009069,0.142460
SG_009070,0.132901
SG_009072,0.150092
SG_009075,0.165587
SG_009079,0.159566
SG_009080,0.168117
SG_009081,0.176288
SG_009083,0.135956
SG_009085,0.132497
SG_009091,0.224302
SG_009093,0.120414
SG_009100,0.114754
SG_009109,0.168721
SG_009115,0.190244
SG_009119,0.177250
SG_009120,0.171590
SG_009123,0.197970
SG_009124,0.137172
SG_009127,0.123094
SG_009128,0.139351
SG_009135,0.226675
SG_009136,0.236390
SG_009139,0.185684
SG_009146,0.270162
SG_009147,0.237668
SG_009149,0.096554
SG_009150,0.179131
SG_009152,0.212248
SG_009153,0.188088
SG_009159,0.210347
SG_009168,0.254896
SG_009169,0.201997
SG_009170,0.114703
SG_009172,0.101515
SG_009176,0.132227
SG_009179,0.212378
SG_009183,0.188657
SG_009193,0.217022
SG_009196,0.145664
SG_009199,0.158685
SG_009202,0.175157
SG_009203,0.132767
SG_009204,0.122714
SG_009206,0.137054
SG_009207,0.234684
SG_009209,0.139931
SG_009210,0.232353
SG_009214,0.137674
SG_009220,0.190225
SG_009223,0.167949
SG_009224,0.160508
SG_009225,0.126197
SG_009226,0.328515
SG_009229,0.146640
SG_009230,0.178880
SG_009236,0.171501
SG_009242,0.149100
SG_009246,0.231855
SG_009250,0.151498
SG_009253,0.225215
SG_009266,0.261821
SG_009268,0.211346
SG_009272,0.215700
SG_009273,0.123372
SG_009274,0.189584
SG_009277,0.180085
SG_009278,0.154723
SG_009279,0.123460
SG_009280,0.166055
SG_009281,0.150187
SG_009289,0.184650
SG_009290,0.212391
SG_009299,0.114622
SG_009300,0.116576
SG_009305,0.118102
SG_009307,0.216601
SG_009319,0.141893
SG_009328,0.124734
SG_009333,0.148632
SG_009335,0.182227
SG_009341,0.151881
SG_009347,0.125107
SG_009354,0.207875
SG_009355,0.253605
SG_009357,0.139689
SG_009362,0.233321
SG_009363,0.247061
SG_009365,0.153818
SG_009366,0.228686
SG_009367,0.203628
SG_009370,0.203520
SG_009386,0.162311
SG_009392,0.157228
SG_009398,0.092989
SG_009400,0.148660
SG_009402,0.196136
SG_009403,0.208030
SG_009404,0.143601
SG_009406,0.216467
SG_009407,0.193178
SG_009408,0.104301
SG_009409,0.088399
SG_009410,0.252473
SG_009411,0.187253
SG_009412,0.104890
SG_009413,0.103851
SG_009415,0.179714
SG_009417,0.159803
SG_009419,0.130535
SG_009425,0.185321
SG_009426,0.149723
SG_009427,0.156362
SG_009429,0.096815
SG_009434,0.148677
SG_009438,0.161164
SG_009441,0.179961
SG_009442,0.169151
SG_009444,0.175582
SG_009445,0.189869
SG_009446,0.129447
SG_009447,0.131220
SG_009449,0.168800
SG_009455,0.134940
SG_009458,0.206124
SG_009461,0.256730
SG_009462,0.225604
SG_009466,0.163293
SG_009473,0.180035
SG_009478,0.170773
SG_009479,0.208099
SG_009481,0.143269
SG_009485,0.131469
SG_009490,0.230385
SG_009496,0.148031
SG_009500,0.138022
SG_009502,0.267677
SG_009504,0.250291
SG_009505,0.166019
SG_009516,0.144080
SG_009518,0.184935
SG_009519,0.220774
SG_009528,0.139153
SG_009529,0.151439
SG_009530,0.110676
SG_009533,0.233140
SG_009537,0.140485
SG_009539,0.146627
SG_009540,0.160367
SG_009541,0.201511
SG_009544,0.133611
SG_009556,0.163350
SG_009558,0.211276
SG_009566,0.148997
SG_009567,0.156068
SG_009569,0.116514
SG_009573,0.169617
SG_009577,0.099917
SG_009581,0.157499
SG_009582,0.179011
SG_009584,0.111768
SG_009585,0.202281
SG_009589,0.153521
SG_009592,0.136230
SG_009593,0.191360
SG_009602,0.136612
SG_009614,0.135700
SG_009616,0.215861
SG_009618,0.219560
SG_009619,0.135377
SG_009620,0.151878
SG_009622,0.122554
SG_009630,0.154757
SG_009632,0.121938
SG_009639,0.129406
SG_009649,0.219946
SG_009651,0.208521
SG_009661,0.086225
SG_009670,0.145648
SG_009671,0.177138
SG_009679,0.170296
SG_009681,0.097797
SG_009683,0.152457
SG_009687,0.213624
SG_009690,0.164966
SG_009691,0.260388
SG_009694,0.177874
SG_009696,0.219067
SG_009701,0.239712
SG_009702,0.109083
SG_009707,0.110928
SG_009716,0.130847
SG_009718,0.156296
SG_009727,0.151663
SG_009736,0.128113
SG_009741,0.129596
SG_009744,0.160077
SG_009746,0.164568
SG_009747,0.229091
SG_009751,0.190647
SG_009754,0.155019
SG_009757,0.118145
SG_009759,0.171845
SG_009760,0.197333
SG_009762,0.149714
SG_009763,0.153227
SG_009766,0.114261
SG_009776,0.168368
SG_009778,0.216972
SG_009780,0.242695
SG_009782,0.253772
SG_009783,0.139068
SG_009785,0.205508
SG_009786,0.169957
SG_009791,0.187931
SG_009794,0.118802
SG_009795,0.171170
SG_009799,0.178241
SG_009800,0.205770
SG_009814,0.241892
SG_009819,0.130691
SG_009824,0.167062
SG_009825,0.225206
SG_009829,0.200072
SG_009834,0.156841
SG_009837,0.169546
SG_009838,0.120154
SG_009843,0.204295
SG_009845,0.178416
SG_009851,0.161344
SG_009855,0.241534
SG_009856,0.154632
SG_009862,0.175890
SG_009865,0.114606
SG_009867,0.150545
SG_009868,0.192252
SG_009869,0.130178
SG_009870,0.155245
SG_009875,0.169114
SG_009876,0.212411
SG_009877,0.181946
SG_009878,0.245859
SG_009880,0.197812
SG_009881,0.152068
SG_009895,0.254095
SG_009905,0.181995
SG_009909,0.183097
SG_009914,0.175429
SG_009916,0.169815
SG_009921,0.119194
SG_009923,0.227550
SG_009926,0.222201
SG_009929,0.169235
SG_009932,0.187514
SG_009933,0.136543
SG_009935,0.149401
SG_009936,0.161091
SG_009937,0.140695
SG_009941,0.142542
SG_009942,0.195250
SG_009953,0.292636
SG_009956,0.139399
SG_009959,0.154375
SG_009964,0.153903
SG_009972,0.205950
SG_009977,0.188425
SG_009979,0.219371
SG_009982,0.127881
SG_009985,0.255823
SG_009987,0.087599
SG_009989,0.171058
SG_009993,0.163455
SG_009997,0.167887
SG_009999,0.138219
SG_010002,0.200596
SG_010007,0.177949
SG_010008,0.133034
SG_010009,0.115881
SG_010010,0.179441
SG_010011,0.160027
SG_010012,0.115775
SG_010014,0.079676
SG_010015,0.160619
SG_010019,0.168248
SG_010020,0.137182
SG_010021,0.166776
SG_010024,0.136230
SG_010025,0.153550
SG_010034,0.158407
SG_010037,0.126221
SG_010038,0.186025
SG_010042,0.155833
SG_010045,0.173037
SG_010047,0.120828
SG_010048,0.162086
SG_010050,0.182899
SG_010052,0.151185
SG_010058,0.155807
SG_010061,0.195539
SG_010068,0.127259
SG_010069,0.163361
SG_010074,0.181163
SG_010078,0.094895
SG_010081,0.132854
SG_010084,0.167132
SG_010085,0.127111
SG_010086,0.294456
SG_010088,0.196978
SG_010091,0.092805
SG_010092,0.190633
SG_010099,0.174596
SG_010101,0.154544
SG_010103,0.140725
SG_010104,0.205176
SG_010106,0.212967
SG_010109,0.168014
SG_010115,0.110009
SG_010116,0.204073
SG_010117,0.213087
SG_010123,0.193438
SG_010130,0.118044
SG_010132,0.082735
SG_010134,0.231434
SG_010142,0.194096
SG_010144,0.146435
SG_010146,0.188540
SG_010151,0.085898
SG_010153,0.285230
SG_010155,0.165043
SG_010157,0.205509
SG_010165,0.126939
SG_010166,0.121111
SG_010169,0.121171
SG_010170,0.146308
SG_010172,0.086499
SG_010173,0.153300
SG_010174,0.164202
SG_010175,0.170365
SG_010176,0.230216
SG_010182,0.125473
SG_010183,0.185264
SG_010184,0.237225
SG_010187,0.139364
SG_010195,0.126471
SG_010198,0.139670
SG_010199,0.139994
SG_010200,0.118922
SG_010204,0.154415
SG_010206,0.157260
SG_010208,0.207849
SG_010209,0.138216
SG_010210,0.157023
SG_010213,0.140870
SG_010217,0.179647
SG_010226,0.173539
SG_010227,0.138502
SG_010234,0.116927
SG_010235,0.163708
SG_010238,0.292079
SG_010241,0.132728
SG_010242,0.113767
SG_010243,0.125893
SG_010246,0.193312
SG_010252,0.163639
SG_010253,0.252327
SG_010256,0.247049
SG_010257,0.140221
SG_010258,0.118427
SG_010259,0.251072
SG_010261,0.216851
SG_010263,0.145527
SG_010265,0.110110
SG_010267,0.101975
SG_010271,0.111557
SG_010273,0.190466
SG_010274,0.146114
SG_010277,0.156909
SG_010284,0.122369
SG_010286,0.149219
SG_010287,0.289453
SG_010288,0.110954
SG_010293,0.173627
SG_010294,0.193757
SG_010298,0.169783
SG_010306,0.158869
SG_010313,0.192672
SG_010315,0.225601
SG_010316,0.184462
SG_010319,0.134127
SG_010320,0.224300
SG_010322,0.197665
SG_010323,0.227881
SG_010326,0.156032
SG_010328,0.182953
SG_010329,0.271193
SG_010330,0.162920
SG_010332,0.117496
SG_010336,0.204522
SG_010344,0.187545
SG_010347,0.250623
SG_010350,0.143912
SG_010352,0.300972
SG_010354,0.154004
SG_010358,0.154635
SG_010371,0.148193
SG_010373,0.208792
SG_010379,0.100770
SG_010386,0.175318
SG_010393,0.141986
SG_010394,0.180368
SG_010399,0.175884
SG_010401,0.124733
SG_010404,0.168437
SG_010406,0.139350
SG_010407,0.178717
SG_010409,0.299105
SG_010412,0.202831
SG_010418,0.099014
SG_010420,0.083272
SG_010424,0.229793
SG_010425,0.189896
SG_010428,0.240160
SG_010430,0.280542
SG_010431,0.208181
SG_010435,0.137072
SG_010442,0.255043
SG_010455,0.145974
SG_010459,0.159400
SG_010460,0.186429
SG_010461,0.177795
SG_010462,0.084292
SG_010465,0.085139
SG_010467,0.157995
SG_010469,0.145465
SG_010470,0.168578
SG_010472,0.120983
SG_010475,0.193138
SG_010477,0.202628
SG_010481,0.215460
SG_010482,0.111294
SG_010483,0.203580
SG_010485,0.166587
SG_010486,0.138261
SG_010487,0.195384
SG_010490,0.180820
SG_010492,0.158301
SG_010493,0.100683
SG_010495,0.151436
SG_010498,0.171472
SG_010499,0.153668
SG_010501,0.203664
SG_010503,0.101988
SG_010505,0.161567
SG_010506,0.142240
SG_010507,0.107449
SG_010509,0.162701
SG_010510,0.202034
SG_010515,0.182601
SG_010517,0.222088
SG_010518,0.162868
SG_010531,0.214185
SG_010546,0.206565
SG_010547,0.129615
SG_010550,0.173300
SG_010552,0.128548
SG_010553,0.194648
SG_010555,0.135214
SG_010561,0.152650
SG_010562,0.180388
SG_010563,0.169224
SG_010569,0.157171
SG_010571,0.147794
SG_010577,0.135170
SG_010578,0.129878
SG_010579,0.169415
SG_010582,0.141748
SG_010585,0.176455
SG_010586,0.194021
SG_010588,0.132535
SG_010589,0.069225
SG_010590,0.211877
SG_010592,0.252389
SG_010594,0.088054
SG_010598,0.214080
SG_010600,0.162193
SG_010607,0.148231
SG_010611,0.191904
SG_010615,0.246932
SG_010616,0.153818
SG_010619,0.132511
SG_010627,0.163371
SG_010634,0.098808
SG_010635,0.155059
SG_010636,0.174170
SG_010649,0.209465
SG_010651,0.169677
SG_010653,0.116751
SG_010655,0.127455
SG_010659,0.158591
SG_010662,0.232379
SG_010664,0.163240
SG_010666,0.147321
SG_010668,0.119521
SG_010670,0.168469
SG_010673,0.174896
SG_010674,0.180736
SG_010679,0.179215
SG_010684,0.202387
SG_010685,0.112378
SG_010690,0.082073
SG_010696,0.163663
SG_010700,0.148445
SG_010707,0.155396
SG_010708,0.112118
SG_010713,0.151416
SG_010717,0.144474
SG_010718,0.192974
SG_010721,0.221815
SG_010722,0.135674
SG_010726,0.215581
SG_010729,0.144406
SG_010733,0.156792
SG_010734,0.151351
SG_010737,0.128297
SG_010739,0.163041
SG_010745,0.188348
SG_010752,0.138531
SG_010753,0.196628
SG_010757,0.134788
SG_010760,0.206499
SG_010763,0.160480
SG_010769,0.207379
SG_010772,0.180272
SG_010773,0.163887
SG_010774,0.138885
SG_010781,0.188221
SG_010784,0.142527
SG_010789,0.121760
SG_010791,0.158115
SG_010795,0.224950
SG_010796,0.169461
SG_010798,0.176608
SG_010801,0.165794
SG_010803,0.234015
SG_010808,0.159533
SG_010809,0.198063
SG_010810,0.204712
SG_010814,0.205624
SG_010816,0.117034
SG_010818,0.110076
SG_010824,0.195644
SG_010828,0.183799
SG_010830,0.196084
SG_010831,0.129650
SG_010837,0.255274
SG_010843,0.136629
SG_010844,0.242763
SG_010845,0.091250
SG_010846,0.160514
SG_010847,0.197340
SG_010853,0.150158
SG_010857,0.118688
SG_010860,0.171090
SG_010863,0.155108
SG_010865,0.188994
SG_010870,0.185458
SG_010871,0.193528
SG_010872,0.140682
SG_010876,0.228726
SG_010881,0.155759
SG_010882,0.142491
SG_010884,0.172665
SG_010887,0.110317
SG_010888,0.172574
SG_010889,0.176771
SG_010894,0.200229
SG_010896,0.203708
SG_010898,0.156697
SG_010902,0.125571
SG_010904,0.204523
SG_010907,0.165760
SG_010911,0.154770
SG_010922,0.151681
SG_010930,0.118201
SG_010946,0.216508
SG_010951,0.119846
SG_010956,0.198384
SG_010960,0.277858
SG_010961,0.168244
SG_010962,0.194925
SG_010969,0.132735
SG_010971,0.120190
SG_010973,0.232837
SG_010974,0.109284
SG_010977,0.104501
SG_010982,0.123843
SG_010985,0.160791
SG_010986,0.176641
SG_010987,0.162230
SG_010993,0.102151
SG_010995,0.125073
SG_010998,0.292392
SG_011003,0.233947
SG_011010,0.095576
SG_011012,0.139709
SG_011016,0.188684
SG_011017,0.144068
SG_011025,0.129929
SG_011031,0.225309
SG_011050,0.093287
SG_011052,0.149712
SG_011053,0.196049
SG_011055,0.137155
SG_011057,0.157280
SG_011060,0.135754
SG_011073,0.158849
SG_011075,0.205974
SG_011077,0.150679
SG_011088,0.169462
SG_011089,0.162076
SG_011097,0.120493
SG_011107,0.159817
SG_011110,0.156264
SG_011117,0.124216
SG_011120,0.184782
SG_011132,0.117041
SG_011133,0.161025
SG_011139,0.344742
SG_011143,0.230150
SG_011144,0.116356
SG_011147,0.211383
SG_011148,0.158362
SG_011151,0.126770
SG_011152,0.239453
SG_011154,0.124137
SG_011158,0.183948
SG_011159,0.267176
SG_011160,0.190251
SG_011161,0.247274
SG_011162,0.174663
SG_011164,0.142648
SG_011169,0.133042
SG_011170,0.120446
SG_011175,0.153250
SG_011176,0.190500
SG_011177,0.144902
SG_011182,0.176487
SG_011184,0.268604
SG_011186,0.144827
SG_011190,0.138982
SG_011192,0.251837
SG_011199,0.145775
SG_011200,0.162717
SG_011201,0.111491
SG_011203,0.194598
SG_011208,0.271836
SG_011212,0.173603
SG_011214,0.155191
SG_011221,0.225906
SG_011222,0.158847
SG_011224,0.135625
SG_011226,0.203526
SG_011235,0.201753
SG_011239,0.119641
SG_011250,0.129441
SG_011257,0.252081
SG_011259,0.178685
SG_011261,0.111042
SG_011262,0.192092
SG_011266,0.190903
SG_011274,0.132409
SG_011275,0.131287
SG_011279,0.143397
SG_011280,0.161648
SG_011285,0.090197
SG_011291,0.152749
SG_011294,0.144168
SG_011298,0.170297
SG_011303,0.181472
SG_011304,0.149131
SG_011306,0.167713
SG_011307,0.175451
SG_011308,0.179690
SG_011309,0.183266
SG_011310,0.150801
SG_011312,0.276302
SG_011313,0.279037
SG_011327,0.156440
SG_011333,0.149745
SG_011335,0.193750
SG_011337,0.153884
SG_011340,0.070376
SG_011343,0.131292
SG_011345,0.165185
SG_011347,0.151179
SG_011350,0.157009
SG_011357,0.160651
SG_011360,0.145197
SG_011361,0.236564
SG_011367,0.133075
SG_011371,0.139276
SG_011376,0.116705
SG_011377,0.230485
SG_011380,0.130596
SG_011381,0.124847
SG_011383,0.133926
SG_011398,0.155086
SG_011401,0.177204
SG_011413,0.147565
SG_011416,0.202770
SG_011420,0.157676
SG_011429,0.141131
SG_011432,0.074986
SG_011437,0.172166
SG_011443,0.167127
SG_011447,0.222126
SG_011450,0.162185
SG_011457,0.176009
SG_011458,0.180658
SG_011460,0.205126
SG_011464,0.167810
SG_011468,0.095090
SG_011469,0.221192
SG_011473,0.219729
SG_011475,0.250975
SG_011479,0.176506
SG_011482,0.202015
SG_011483,0.246027
SG_011492,0.163066
SG_011493,0.171668
SG_011497,0.115788
SG_011503,0.151393
SG_011504,0.196579
SG_011505,0.141142
SG_011512,0.150054
SG_011519,0.100296
SG_011526,0.193158
SG_011527,0.137225
SG_011528,0.130568
SG_011532,0.094708
SG_011541,0.132534
SG_011544,0.179562
SG_011547,0.239778
SG_011548,0.231795
SG_011552,0.172576
SG_011566,0.173053
SG_011567,0.191085
SG_011569,0.136671
SG_011575,0.178558
SG_011576,0.196307
SG_011577,0.172333
SG_011581,0.163707
SG_011584,0.233830
SG_011586,0.205865
SG_011593,0.190710
SG_011597,0.114834
SG_011598,0.187535
SG_011602,0.130190
SG_011605,0.185244
SG_011607,0.134300
SG_011612,0.248346
SG_011616,0.197505
SG_011617,0.181748
SG_011620,0.228008
SG_011622,0.233672
SG_011625,0.166997
SG_011626,0.158968
SG_011627,0.174155
SG_011632,0.226154
SG_011633,0.175345
SG_011635,0.240641
SG_011638,0.156628
SG_011640,0.176108
SG_011645,0.134768
SG_011649,0.153111
SG_011656,0.168287
SG_011662,0.141606
SG_011663,0.177824
SG_011666,0.139070
SG_011672,0.094597
SG_011673,0.183793
SG_011676,0.268423
SG_011678,0.151917
SG_011682,0.186777
SG_011683,0.135791
SG_011684,0.120045
SG_011691,0.223549
SG_011694,0.116248
SG_011695,0.186316
SG_011697,0.202174
SG_011699,0.092188
SG_011701,0.216815
SG_011704,0.164071
SG_011705,0.191878
SG_011708,0.154807
SG_011714,0.208761
SG_011715,0.225769
SG_011720,0.143695
SG_011721,0.126192
SG_011727,0.105995
SG_011728,0.221317
SG_011729,0.158817
SG_011731,0.153156
SG_011736,0.184602
SG_011737,0.136323
SG_011747,0.154608
SG_011749,0.251953
SG_011750,0.194654
SG_011752,0.149968
SG_011757,0.219523
SG_011764,0.198491
SG_011767,0.108756
SG_011769,0.221294
SG_011770,0.188184
SG_011772,0.205704
SG_011773,0.135191
SG_011777,0.161252
SG_011779,0.172037
SG_011780,0.179864
SG_011786,0.214485
SG_011787,0.198371
SG_011789,0.127858
SG_011796,0.076503
SG_011799,0.136960
SG_011801,0.097671
SG_011802,0.166546
SG_011806,0.101745
SG_011812,0.228930
SG_011814,0.204276
SG_011815,0.138814
SG_011816,0.204325
SG_011830,0.143507
SG_011833,0.075609
SG_011843,0.178728
SG_011853,0.181485
SG_011855,0.163377
SG_011858,0.084728
SG_011861,0.104267
SG_011863,0.213246
SG_011864,0.199555
SG_011868,0.227983
SG_011869,0.207065
SG_011871,0.243646
SG_011886,0.141044
SG_011889,0.166719
SG_011890,0.195172
SG_011894,0.141927
SG_011896,0.149300
SG_011898,0.100237
SG_011900,0.178483
SG_011918,0.180066
SG_011922,0.160537
SG_011925,0.141782
SG_011926,0.152408
SG_011927,0.236480
SG_011931,0.198377
SG_011933,0.101309
SG_011936,0.096683
SG_011939,0.114312
SG_011940,0.145433
SG_011953,0.162049
SG_011955,0.235300
SG_011956,0.210326
SG_011959,0.182356
SG_011961,0.172106
SG_011962,0.238418
SG_011966,0.230714
SG_011969,0.123388
SG_011971,0.114751
SG_011977,0.196620
SG_011978,0.155714
SG_011983,0.133337
SG_011986,0.132417
SG_011988,0.089886
SG_011993,0.145993
SG_011995,0.198146
SG_011996,0.137897
SG_011997,0.146014
SG_012000,0.173701
SG_012013,0.196816
SG_012018,0.156009
SG_012019,0.126478
SG_012020,0.220732
SG_012022,0.134195
SG_012031,0.191099
SG_012040,0.178661
SG_012041,0.136246
SG_012048,0.113630
SG_012050,0.140122
SG_012051,0.078027
SG_012052,0.187063
SG_012064,0.191461
SG_012066,0.097458
SG_012068,0.150046
SG_012076,0.222424
SG_012077,0.158001
SG_012078,0.145251
SG_012079,0.056701
SG_012080,0.151577
SG_012081,0.154118
SG_012082,0.152507
SG_012086,0.151222
SG_012089,0.178055
SG_012097,0.134279
SG_012104,0.173676
SG_012108,0.188053
SG_012113,0.159587
SG_012119,0.224497
SG_012124,0.203739
SG_012125,0.138344
SG_012141,0.218715
SG_012143,0.169119
SG_012145,0.127658
SG_012148,0.158277
SG_012150,0.208015
SG_012162,0.154158
SG_012165,0.178063
SG_012166,0.158265
SG_012167,0.165313
SG_012168,0.118703
SG_012169,0.159876
SG_012170,0.137791
SG_012175,0.147736
SG_012176,0.205822
SG_012177,0.114823
SG_012181,0.213491
SG_012186,0.288796
SG_012190,0.167916
SG_012192,0.281851
SG_012194,0.132908
SG_012195,0.149579
SG_012198,0.209332
SG_012199,0.132692
SG_012205,0.318223
SG_012206,0.226860
SG_012211,0.111243
SG_012212,0.176745
SG_012213,0.147830
SG_012216,0.209314
SG_012217,0.221938
SG_012218,0.220739
SG_012220,0.144147
SG_012225,0.192312
SG_012230,0.108690
SG_012232,0.138435
SG_012234,0.136807
SG_012238,0.151858
SG_012241,0.148450
SG_012243,0.109972
SG_012247,0.137919
SG_012253,0.122091
SG_012258,0.180322
SG_012260,0.156852
SG_012263,0.135155
SG_012264,0.211659
SG_012266,0.267688
SG_012270,0.103456
SG_012272,0.141609
SG_012276,0.192196
SG_012277,0.143268
SG_012278,0.157191
SG_012279,0.200731
SG_012280,0.201125
SG_012281,0.264020
SG_012283,0.192804
SG_012284,0.212435
SG_012285,0.169779
SG_012290,0.175139
SG_012293,0.185954
SG_012301,0.179084
SG_012305,0.214614
SG_012307,0.187185
SG_012308,0.150069
SG_012310,0.176327
SG_012312,0.310963
SG_012313,0.121677
SG_012316,0.252402
SG_012321,0.135200
SG_012322,0.187928
SG_012326,0.143036
SG_012334,0.144234
SG_012336,0.137202
SG_012337,0.162643
SG_012339,0.206958
SG_012340,0.151610
SG_012345,0.107810
SG_012355,0.184935
SG_012362,0.174674
SG_012363,0.152431
SG_012368,0.228012
SG_012375,0.136869
SG_012378,0.062142
SG_012381,0.099656
SG_012384,0.122275
SG_012390,0.198760
SG_012393,0.179209
SG_012397,0.092548
SG_012400,0.166827
SG_012402,0.207052
SG_012410,0.201996
SG_012414,0.136452
SG_012419,0.169773
SG_012420,0.243991
SG_012422,0.236310
SG_012423,0.174666
SG_012424,0.134512
SG_012427,0.167031
SG_012432,0.151820
SG_012436,0.209785
SG_012437,0.242020
SG_012438,0.220218
SG_012444,0.124317
SG_012446,0.079724
SG_012452,0.262184
SG_012453,0.127706
SG_012456,0.166517
SG_012459,0.110568
SG_012468,0.103579
SG_012470,0.155583
SG_012480,0.122704
SG_012484,0.147713
SG_012489,0.118072
SG_012493,0.219537
SG_012495,0.200655
SG_012499,0.216782
SG_012501,0.112564
SG_012502,0.128585
SG_012504,0.202330
SG_012506,0.092291
SG_012509,0.218486
SG_012510,0.272817
SG_012513,0.158957
SG_012519,0.211098
SG_012520,0.176533
SG_012521,0.085317
SG_012525,0.155927
SG_012527,0.185958
SG_012531,0.161586
SG_012533,0.274397
SG_012538,0.104806
SG_012539,0.245269
SG_012548,0.159088
SG_012550,0.162260
SG_012552,0.131176
SG_012556,0.165116
SG_012561,0.217179
SG_012562,0.097817
SG_012563,0.193550
SG_012564,0.181845
SG_012567,0.090864
SG_012568,0.228260
SG_012571,0.204334
SG_012575,0.111301
SG_012579,0.173238
SG_012588,0.136008
SG_012591,0.156377
SG_012594,0.187777
SG_012596,0.104170
SG_012600,0.191036
SG_012601,0.144628
SG_012603,0.133575
SG_012606,0.121800
SG_012609,0.250727
SG_012610,0.113743
SG_012615,0.174063
SG_012616,0.202206
SG_012619,0.174095
SG_012623,0.229143
SG_012628,0.151310
SG_012630,0.224516
SG_012632,0.168204
SG_012636,0.147310
SG_012640,0.108654
SG_012643,0.223357
SG_012648,0.286542
SG_012651,0.115410
SG_012654,0.189373
SG_012660,0.226083
SG_012661,0.211421
SG_012663,0.174504
SG_012669,0.137411
SG_012674,0.182249
SG_012680,0.193076
SG_012684,0.141278
SG_012688,0.171968
SG_012690,0.191665
SG_012697,0.151915
SG_012699,0.159374
SG_012701,0.128341
SG_012705,0.180570
SG_012709,0.220695
SG_012710,0.235692
SG_012715,0.179380
SG_012716,0.149533
SG_012718,0.144575
SG_012723,0.148767
SG_012724,0.174681
SG_012730,0.164859
SG_012734,0.180108
SG_012736,0.120656
SG_012738,0.130600
SG_012747,0.195415
SG_012749,0.249466
SG_012750,0.145808
SG_012753,0.200767
SG_012754,0.193719
SG_012757,0.204544
SG_012763,0.138663
SG_012764,0.138212
SG_012767,0.201708
SG_012768,0.169830
SG_012773,0.145750
SG_012775,0.103381
SG_012777,0.194249
SG_012786,0.180133
SG_012787,0.222691
SG_012792,0.149966
SG_012797,0.230798
SG_012805,0.162898
SG_012808,0.184327
SG_012810,0.194080
SG_012819,0.236043
SG_012821,0.241250
SG_012822,0.210254
SG_012831,0.099694
SG_012844,0.236074
SG_012845,0.111385
SG_012848,0.106070
SG_012849,0.168077
SG_012851,0.218683
SG_012859,0.095018
SG_012861,0.202712
SG_012869,0.193893
SG_012870,0.146169
SG_012873,0.241022
SG_012874,0.210262
SG_012883,0.129061
SG_012886,0.232579
SG_012887,0.112435
SG_012888,0.154223
SG_012891,0.135824
SG_012898,0.143348
SG_012905,0.207762
SG_012910,0.202483
SG_012913,0.128546
SG_012918,0.268848
SG_012919,0.213618
SG_012920,0.180206
SG_012923,0.151430
SG_012924,0.147826
SG_012926,0.265657
SG_012936,0.209672
SG_012938,0.167911
SG_012940,0.079448
SG_012945,0.168556
SG_012949,0.173904
SG_012958,0.158206
SG_012962,0.190198
SG_012967,0.143195
SG_012968,0.122035
SG_012970,0.153925
SG_012972,0.150855
SG_012978,0.136947
SG_012979,0.168669
SG_012980,0.221488
SG_012981,0.253434
SG_012983,0.155258
SG_012984,0.177135
SG_012989,0.196876
SG_012994,0.178503
SG_012997,0.156885
SG_013002,0.152396
SG_013009,0.168578
SG_013017,0.128889
SG_013023,0.228461
SG_013028,0.148937
SG_013030,0.195484
SG_013033,0.241595
SG_013042,0.152936
SG_013043,0.178777
SG_013045,0.221399
SG_013063,0.200161
SG_013064,0.162660
SG_013065,0.139567
SG_013068,0.236345
SG_013070,0.147981
SG_013071,0.147026
SG_013072,0.132678
SG_013077,0.169141
SG_013080,0.266685
SG_013082,0.171338
SG_013083,0.139247
SG_013085,0.212070
SG_013086,0.151179
SG_013093,0.150512
SG_013094,0.183609
SG_013096,0.182090
SG_013104,0.171615
SG_013108,0.134370
SG_013111,0.116935
SG_013112,0.191739
SG_013115,0.147153
SG_013117,0.217552
SG_013125,0.121496
SG_013127,0.151526
SG_013135,0.174618
SG_013138,0.258506
SG_013139,0.101516
SG_013141,0.205990
SG_013149,0.192380
SG_013150,0.252313
SG_013157,0.207808
SG_013159,0.200719
SG_013166,0.168357
SG_013172,0.197353
SG_013177,0.141920
SG_013178,0.121594
SG_013187,0.129985
SG_013196,0.116478
SG_013201,0.281063
SG_013202,0.131943
SG_013212,0.132328
SG_013219,0.130288
SG_013222,0.112564
SG_013223,0.192247
SG_013224,0.271545
SG_013233,0.141015
SG_013237,0.106279
SG_013245,0.166239
SG_013249,0.136222
SG_013250,0.182688
SG_013260,0.185673
SG_013264,0.136161
SG_013266,0.146236
SG_013267,0.242463
SG_013269,0.140575
SG_013273,0.213405
SG_013276,0.122930
SG_013280,0.154254
SG_013281,0.149464
SG_013282,0.147939
SG_013288,0.191842
SG_013292,0.133847
SG_013294,0.207880
SG_013297,0.108325
SG_013304,0.151473
SG_013311,0.168613
SG_013313,0.232972
SG_013314,0.147460
SG_013315,0.137376
SG_013317,0.253648
SG_013321,0.179069
SG_013323,0.147557
SG_013327,0.131473
SG_013328,0.140655
SG_013332,0.158990
SG_013337,0.198621
SG_013338,0.177490
SG_013339,0.122791
SG_013340,0.216565
SG_013342,0.122370
SG_013344,0.106192
SG_013345,0.183733
SG_013347,0.150414
SG_013348,0.119706
SG_013356,0.180532
SG_013358,0.202914
SG_013359,0.146287
SG_013360,0.135344
SG_013361,0.097885
SG_013362,0.180883
SG_013366,0.154185
SG_013371,0.188992
SG_013372,0.211342
SG_013374,0.191705
SG_013380,0.104999
SG_013383,0.210322
SG_013384,0.150626
SG_013391,0.224095
SG_013392,0.184858
SG_013393,0.155092
SG_013396,0.224715
SG_013400,0.188058
SG_013404,0.130178
SG_013412,0.169904
SG_013413,0.176151
SG_013414,0.150561
SG_013418,0.218921
SG_013420,0.152268
SG_013421,0.190615
SG_013424,0.223068
SG_013427,0.190237
SG_013430,0.160191
SG_013435,0.219801
SG_013438,0.183459
SG_013440,0.167999
SG_013443,0.263845
SG_013444,0.178474
SG_013446,0.090966
SG_013447,0.154696
SG_013452,0.142102
SG_013454,0.175066
SG_013456,0.126792
SG_013462,0.156162
SG_013463,0.262965
SG_013464,0.136135
SG_013468,0.102292
SG_013472,0.148410
SG_013474,0.196453
SG_013477,0.128220
SG_013480,0.148529
SG_013485,0.154946
SG_013486,0.149728
SG_013487,0.167936
SG_013491,0.215192
SG_013495,0.207565
SG_013499,0.141615
SG_013504,0.274575
SG_013508,0.191835
SG_013509,0.100871
SG_013515,0.214953
SG_013523,0.120970
SG_013528,0.157102
SG_013538,0.150581
SG_013542,0.157719
SG_013543,0.141334
SG_013544,0.214920
SG_013545,0.207425
SG_013546,0.167142
SG_013548,0.247003
SG_013549,0.233921
SG_013552,0.178995
SG_013553,0.167757
SG_013554,0.197494
SG_013557,0.163070
SG_013558,0.147198
SG_013561,0.269958
SG_013563,0.127884
SG_013565,0.137336
SG_013567,0.103588
SG_013568,0.137244
SG_013571,0.180238
SG_013574,0.170627
SG_013575,0.124686
SG_013578,0.190965
SG_013579,0.216314
SG_013580,0.164215
SG_013586,0.109167
SG_013588,0.144623
SG_013591,0.185798
SG_013598,0.274427
SG_013601,0.160041
SG_013602,0.249051
SG_013604,0.143307
SG_013608,0.260544
SG_013610,0.162654
SG_013612,0.148524
SG_013613,0.166203
SG_013616,0.135133
SG_013619,0.174759
SG_013624,0.211475
SG_013626,0.151056
SG_013628,0.247199
SG_013629,0.140660
SG_013633,0.123153
SG_013635,0.137668
SG_013637,0.165863
SG_013638,0.163738
SG_013639,0.139276
SG_013641,0.204232
SG_013646,0.170793
SG_013653,0.164980
SG_013667,0.181436
SG_013668,0.195032
SG_013670,0.145232
SG_013675,0.156026
SG_013677,0.172709
SG_013678,0.170076
SG_013681,0.144410
SG_013682,0.182935
SG_013683,0.240950
SG_013684,0.161315
SG_013685,0.160634
SG_013686,0.223856
SG_013690,0.161895
SG_013695,0.106632
SG_013705,0.171583
SG_013706,0.116915
SG_013708,0.077431
SG_013711,0.109734
SG_013713,0.164248
SG_013715,0.159491
SG_013716,0.186592
SG_013726,0.199020
SG_013727,0.092766
SG_013728,0.175124
SG_013731,0.118549
SG_013733,0.106200
SG_013737,0.156613
SG_013740,0.190253
SG_013741,0.145558
SG_013744,0.164402
SG_013745,0.204412
SG_013746,0.096105
SG_013747,0.158885
SG_013749,0.193324
SG_013755,0.201501
SG_013759,0.140377
SG_013765,0.185109
SG_013766,0.207669
SG_013769,0.147077
SG_013773,0.177241
SG_013785,0.161181
SG_013793,0.106174
SG_013800,0.122980
SG_013808,0.155242
SG_013815,0.278746
SG_013827,0.131614
SG_013840,0.150970
SG_013841,0.082025
SG_013842,0.130274
SG_013844,0.232643
SG_013845,0.136962
SG_013849,0.114580
SG_013850,0.129697
SG_013851,0.145139
SG_013853,0.197255
SG_013854,0.146311
SG_013855,0.164358
SG_013857,0.156450
SG_013860,0.223843
SG_013862,0.157717
SG_013867,0.213391
SG_013868,0.104502
SG_013870,0.113465
SG_013883,0.138868
SG_013884,0.149925
SG_013885,0.174227
SG_013892,0.200966
SG_013896,0.134240
SG_013898,0.151701
SG_013901,0.235251
SG_013905,0.170021
SG_013906,0.198430
SG_013907,0.145878
SG_013910,0.187973
SG_013912,0.140117
SG_013914,0.137119
SG_013919,0.203107
SG_013922,0.212240
SG_013943,0.138909
SG_013944,0.113503
SG_013946,0.188221
SG_013948,0.127033
SG_013949,0.125150
SG_013953,0.182963
SG_013962,0.217361
SG_013965,0.203953
SG_013969,0.202736
SG_013974,0.116494
SG_013978,0.163231
SG_013979,0.148776
SG_013980,0.181893
SG_013986,0.207815
SG_013997,0.135947
SG_014000,0.165714
SG_014004,0.077994
SG_014009,0.172937
SG_014010,0.153561
SG_014012,0.121391
SG_014014,0.199389
SG_014015,0.154410
SG_014016,0.209890
SG_014017,0.224000
SG_014018,0.069322
SG_014020,0.170373
SG_014021,0.108225
SG_014022,0.137406
SG_014023,0.170689
SG_014026,0.240219
SG_014030,0.177556
SG_014031,0.218971
SG_014036,0.146663
SG_014037,0.138103
SG_014039,0.148433
SG_014045,0.175806
SG_014046,0.166241
SG_014047,0.192912
SG_014050,0.066784
SG_014053,0.155456
SG_014058,0.243755
SG_014059,0.193670
SG_014062,0.113498
SG_014067,0.210464
SG_014072,0.115045
SG_014073,0.171273
SG_014075,0.193375
SG_014081,0.195984
SG_014085,0.144168
SG_014088,0.188396
SG_014096,0.176477
SG_014099,0.191329
SG_014102,0.203497
SG_014105,0.205242
SG_014111,0.246033
SG_014113,0.188780
SG_014116,0.137490
SG_014122,0.195304
SG_014123,0.164768
SG_014124,0.234487
SG_014130,0.196582
SG_014132,0.211092
SG_014135,0.246997
SG_014136,0.187544
SG_014139,0.182858
SG_014140,0.160829
SG_014141,0.197562
SG_014146,0.209644
SG_014155,0.192709
SG_014157,0.129043
SG_014161,0.152774
SG_014162,0.147698
SG_014165,0.189241
SG_014167,0.193091
SG_014168,0.152850
SG_014172,0.123009
SG_014176,0.114089
SG_014177,0.239276
SG_014184,0.250617
SG_014186,0.182082
SG_014188,0.154534
SG_014190,0.161401
SG_014191,0.156170
SG_014192,0.124773
SG_014194,0.193562
SG_014196,0.182819
SG_014197,0.220854
SG_014205,0.141278
SG_014210,0.164749
SG_014217,0.165328
SG_014219,0.245145
SG_014223,0.167222
SG_014235,0.156804
SG_014237,0.197076
SG_014243,0.154527
SG_014248,0.266464
SG_014249,0.164251
SG_014259,0.178447
SG_014269,0.200418
SG_014270,0.240299
SG_014272,0.072378
SG_014277,0.187108
SG_014288,0.111251
SG_014290,0.151401
SG_014292,0.145802
SG_014293,0.199426
SG_014295,0.193152
SG_014299,0.156051
SG_014308,0.162640
SG_014309,0.122668
SG_014311,0.319476
SG_014314,0.211636
SG_014319,0.078805
SG_014320,0.129146
SG_014321,0.284216
SG_014328,0.250119
SG_014334,0.114004
SG_014335,0.122300
SG_014339,0.175692
SG_014342,0.125254
SG_014343,0.294812
SG_014345,0.157972
SG_014363,0.169357
SG_014368,0.131901
SG_014370,0.075413
SG_014373,0.189221
SG_014375,0.191560
SG_014380,0.258585
SG_014383,0.229400
SG_014385,0.176721
SG_014386,0.213936
SG_014387,0.149879
SG_014389,0.168781
SG_014391,0.151158
SG_014394,0.280635
SG_014398,0.107887
SG_014402,0.132009
SG_014409,0.177474
SG_014411,0.205108
SG_014415,0.183639
SG_014416,0.151649
SG_014418,0.137432
SG_014425,0.172216
SG_014426,0.214303
SG_014431,0.193623
SG_014432,0.261425
SG_014446,0.150377
SG_014447,0.160455
SG_014457,0.141611
SG_014465,0.192271
SG_014466,0.128341
SG_014469,0.110530
SG_014474,0.139935
SG_014484,0.140014
SG_014486,0.080667
SG_014488,0.156366
SG_014491,0.197447
SG_014495,0.184239
SG_014512,0.223840
SG_014514,0.144671
SG_014516,0.194743
SG_014519,0.115524
SG_014522,0.139379
SG_014529,0.174614
SG_014538,0.188441
SG_014544,0.195469
SG_014551,0.176227
SG_014552,0.193288
SG_014556,0.120788
SG_014562,0.170445
SG_014565,0.090917
SG_014566,0.207885
SG_014568,0.116364
SG_014569,0.061123
SG_014570,0.154404
SG_014578,0.139683
SG_014579,0.193396
SG_014581,0.182237
SG_014582,0.208544
SG_014583,0.174972
SG_014587,0.185557
SG_014594,0.170698
SG_014596,0.189133
SG_014597,0.149475
SG_014607,0.191157
SG_014611,0.113797
SG_014616,0.153035
SG_014617,0.165209
SG_014618,0.124692
SG_014619,0.147508
SG_014621,0.179604
SG_014626,0.241161
SG_014634,0.089535
SG_014635,0.203930
SG_014636,0.164484
SG_014637,0.139698
SG_014640,0.149967
SG_014641,0.187892
SG_014645,0.132036
SG_014647,0.153210
SG_014653,0.153615
SG_014655,0.131872
SG_014656,0.195827
SG_014657,0.241222
SG_014660,0.142657
SG_014667,0.118159
SG_014672,0.176261
SG_014677,0.118453
SG_014680,0.209973
SG_014681,0.218676
SG_014687,0.176623
SG_014690,0.224028
SG_014691,0.173853
SG_014700,0.210435
SG_014701,0.243850
SG_014702,0.138662
SG_014703,0.135105
SG_014712,0.260601
SG_014713,0.147635
SG_014718,0.142878
SG_014720,0.194606
SG_014723,0.159167
SG_014729,0.181695
SG_014731,0.188049
SG_014733,0.148381
SG_014735,0.214893
SG_014742,0.092274
SG_014746,0.096058
SG_014748,0.111406
SG_014749,0.146355
SG_014753,0.179795
SG_014754,0.166004
SG_014757,0.139194
SG_014771,0.132684
SG_014774,0.212138
SG_014777,0.137361
SG_014778,0.196878
SG_014780,0.187192
SG_014787,0.199664
SG_014800,0.134823
SG_014801,0.209918
SG_014802,0.164541
SG_014803,0.178612
SG_014808,0.139906
SG_014812,0.112443
SG_014813,0.138774
SG_014815,0.212144
SG_014824,0.073112
SG_014825,0.229421
SG_014827,0.202748
SG_014830,0.068818
SG_014834,0.145785
SG_014839,0.203349
SG_014844,0.178100
SG_014865,0.182804
SG_014866,0.117469
SG_014867,0.182753
SG_014871,0.208054
SG_014874,0.165395
SG_014875,0.225050
SG_014879,0.164281
SG_014880,0.132576
SG_014882,0.161528
SG_014885,0.164362
SG_014887,0.185476
SG_014894,0.138208
SG_014895,0.162402
SG_014898,0.173842
SG_014900,0.200036
SG_014906,0.210453
SG_014909,0.153627
SG_014914,0.150924
SG_014919,0.115572
SG_014921,0.164874
SG_014939,0.262370
SG_014940,0.190333
SG_014945,0.135389
SG_014946,0.135441
SG_014951,0.185772
SG_014953,0.288974
SG_014955,0.166116
SG_014959,0.180858
SG_014961,0.231935
SG_014964,0.196560
SG_014965,0.108716
SG_014966,0.216759
SG_014969,0.205212
SG_014972,0.152562
SG_014976,0.194242
SG_014979,0.077765
SG_014980,0.155655
SG_014984,0.184067
SG_014990,0.116324
SG_014998,0.132512
SG_014999,0.134792
SG_015001,0.223305
SG_015002,0.221155
SG_015014,0.181677
SG_015015,0.112481
SG_015021,0.177411
SG_015026,0.220492
SG_015031,0.170934
SG_015036,0.168680
SG_015039,0.104943
SG_015042,0.161134
SG_015044,0.174100
SG_015046,0.167303
SG_015047,0.241111
SG_015050,0.138901
SG_015054,0.169088
SG_015066,0.160636
SG_015068,0.271592
SG_015071,0.162956
SG_015075,0.114782
SG_015076,0.131883
SG_015081,0.186221
SG_015082,0.188828
SG_015085,0.133342
SG_015093,0.202683
SG_015095,0.174930
SG_015099,0.108480
SG_015102,0.117735
SG_015103,0.185601
SG_015111,0.148650
SG_015112,0.144488
SG_015118,0.140749
SG_015125,0.125489
SG_015126,0.148077
SG_015127,0.147499
SG_015129,0.156343
SG_015134,0.116476
SG_015135,0.131765
SG_015137,0.172339
SG_015138,0.210476
SG_015144,0.196959
SG_015146,0.167727
SG_015152,0.202825
SG_015155,0.173874
SG_015158,0.211324
SG_015159,0.137794
SG_015161,0.202403
SG_015165,0.219461
SG_015167,0.146785
SG_015169,0.160511
SG_015176,0.271790
SG_015180,0.159137
SG_015183,0.161317
SG_015189,0.137694
SG_015190,0.124289
SG_015192,0.111284
SG_015195,0.130959
SG_015197,0.154267
SG_015201,0.166550
SG_015202,0.146447
SG_015214,0.141354
SG_015215,0.192930
SG_015217,0.111568
SG_015222,0.124291
SG_015224,0.132227
SG_015235,0.130816
SG_015239,0.107114
SG_015246,0.155910
SG_015251,0.143971
SG_015252,0.224771
SG_015256,0.158343
SG_015257,0.239733
SG_015261,0.153445
SG_015262,0.189323
SG_015263,0.149757
SG_015269,0.166000
SG_015270,0.178396
SG_015272,0.180507
SG_015276,0.260005
SG_015277,0.122484
SG_015278,0.120918
SG_015279,0.180536
SG_015280,0.197487
SG_015283,0.157754
SG_015284,0.154436
SG_015289,0.197513
SG_015290,0.141230
SG_015294,0.171471
SG_015296,0.167359
SG_015297,0.343887
SG_015302,0.130099
SG_015304,0.244274
SG_015308,0.169713
SG_015309,0.215337
SG_015312,0.206399
SG_015317,0.236766
SG_015322,0.160142
SG_015323,0.135672
SG_015326,0.177411
SG_015329,0.144168
SG_015337,0.164955
SG_015339,0.156756
SG_015340,0.136394
SG_015341,0.200894
SG_015346,0.148197
SG_015348,0.149152
SG_015349,0.205975
SG_015351,0.221621
SG_015355,0.117630
SG_015356,0.177851
SG_015360,0.169039
SG_015361,0.182312
SG_015362,0.209400
SG_015363,0.106307
SG_015369,0.169729
SG_015372,0.146196
SG_015375,0.138912
SG_015381,0.204829
SG_015382,0.127356
SG_015383,0.146116
SG_015384,0.215191
SG_015388,0.176552
SG_015395,0.134745
SG_015397,0.185547
SG_015399,0.193831
SG_015400,0.216635
SG_015401,0.147705
SG_015402,0.210373
SG_015403,0.225824
SG_015406,0.176288
SG_015412,0.208429
SG_015421,0.232039
SG_015424,0.198392
SG_015425,0.135875
SG_015428,0.144457
SG_015430,0.140148
SG_015431,0.165240
SG_015439,0.132148
SG_015440,0.091053
SG_015446,0.215508
SG_015447,0.163868
SG_015448,0.164629
SG_015452,0.146521
SG_015454,0.236703
SG_015458,0.210118
SG_015462,0.213855
SG_015463,0.230594
SG_015464,0.162662
SG_015466,0.139595
SG_015467,0.188057
SG_015470,0.143473
SG_015473,0.191782
SG_015479,0.109764
SG_015481,0.192872
SG_015483,0.159840
SG_015492,0.258057
SG_015495,0.130823
SG_015498,0.158822
SG_015503,0.254399
SG_015507,0.158101
SG_015512,0.103611
SG_015514,0.180470
SG_015517,0.186604
SG_015520,0.247844
SG_015524,0.158058
SG_015526,0.160868
SG_015527,0.110505
SG_015535,0.136557
SG_015537,0.211265
SG_015538,0.184669
SG_015540,0.245494
SG_015542,0.135849
SG_015543,0.156517
SG_015544,0.213320
SG_015546,0.245491
SG_015547,0.150406
SG_015550,0.114594
SG_015556,0.150038
SG_015558,0.167415
SG_015559,0.275067
SG_015560,0.179196
SG_015562,0.092818
SG_015565,0.119539
SG_015568,0.252043
SG_015572,0.073920
SG_015576,0.112757
SG_015578,0.091315
SG_015580,0.133512
SG_015582,0.127811
SG_015584,0.172406
SG_015585,0.200728
SG_015586,0.161100
SG_015587,0.174040
SG_015589,0.251529
SG_015590,0.129724
SG_015591,0.235935
SG_015593,0.142350
SG_015597,0.142570
SG_015598,0.180992
SG_015600,0.213725
SG_015606,0.236462
SG_015613,0.180011
SG_015615,0.259159
SG_015617,0.161271
SG_015619,0.167551
SG_015623,0.176609
SG_015627,0.210478
SG_015637,0.118387
SG_015641,0.175628
SG_015644,0.188153
SG_015649,0.117383
SG_015654,0.271381
SG_015655,0.243958
SG_015656,0.124085
SG_015659,0.156786
SG_015662,0.235687
SG_015664,0.144082
SG_015671,0.242894
SG_015675,0.093573
SG_015678,0.156810
SG_015680,0.136533
SG_015681,0.099485
SG_015682,0.162696
SG_015684,0.102447
SG_015693,0.194766
SG_015708,0.194876
SG_015715,0.181556
SG_015716,0.206327
SG_015718,0.151650
SG_015721,0.201932
SG_015724,0.201231
SG_015726,0.187069
SG_015729,0.158318
SG_015730,0.246562
SG_015735,0.129568
SG_015738,0.200799
SG_015743,0.131190
SG_015744,0.128381
SG_015746,0.151920
SG_015756,0.169428
SG_015762,0.164728
SG_015763,0.150417
SG_015766,0.173317
SG_015769,0.247957
SG_015770,0.172590
SG_015772,0.119127
SG_015773,0.240402
SG_015780,0.153445
SG_015790,0.153299
SG_015797,0.168877
SG_015806,0.108655
SG_015810,0.175024
SG_015815,0.122513
SG_015817,0.230943
SG_015818,0.198398
SG_015819,0.190741
SG_015820,0.155467
SG_015827,0.223634
SG_015828,0.135416
SG_015829,0.171995
SG_015832,0.173465
SG_015833,0.182102
SG_015834,0.144882
SG_015838,0.236045
SG_015840,0.150298
SG_015842,0.167383
SG_015845,0.098332
SG_015849,0.117174
SG_015857,0.171959
SG_015859,0.078946
SG_015860,0.297956
SG_015867,0.144592
SG_015873,0.182405
SG_015878,0.203132
SG_015879,0.083327
SG_015880,0.155114
SG_015881,0.121789
SG_015884,0.089447
SG_015885,0.093658
SG_015891,0.143477
SG_015893,0.176855
SG_015898,0.164091
SG_015900,0.177452
SG_015901,0.164026
SG_015907,0.173147
SG_015908,0.204975
SG_015910,0.209977
SG_015914,0.178404
SG_015917,0.231293
SG_015921,0.233149
SG_015922,0.194635
SG_015928,0.244011
SG_015939,0.176395
SG_015940,0.100186
SG_015942,0.189236
SG_015943,0.209492
SG_015947,0.134970
SG_015950,0.184678
SG_015951,0.197664
SG_015955,0.132698
SG_015964,0.182312
SG_015965,0.127774
SG_015972,0.134747
SG_015973,0.223313
SG_015975,0.116369
SG_015977,0.153640
SG_015978,0.236810
SG_015979,0.225259
SG_015980,0.165791
SG_015981,0.211004
SG_015985,0.227863
SG_015988,0.114201
SG_015989,0.204480
SG_015990,0.174528
SG_015998,0.169180
SG_015999,0.104083
SG_016002,0.171161
SG_016003,0.170310
SG_016004,0.191835
SG_016008,0.290436
SG_016010,0.255894
SG_016013,0.229654
SG_016015,0.139616
SG_016020,0.088892
SG_016021,0.170917
SG_016022,0.139450
SG_016027,0.229257
SG_016028,0.151296
SG_016029,0.131629
SG_016030,0.219970
SG_016045,0.140114
SG_016048,0.153805
SG_016049,0.132367
SG_016054,0.307573
SG_016056,0.225268
SG_016060,0.187358
SG_016065,0.108470
SG_016081,0.115053
SG_016085,0.098416
SG_016089,0.157503
SG_016091,0.219721
SG_016092,0.162492
SG_016101,0.240502
SG_016102,0.183320
SG_016103,0.172917
SG_016108,0.114762
SG_016109,0.192045
SG_016111,0.219766
SG_016113,0.168208
SG_016114,0.161236
SG_016115,0.166029
SG_016116,0.163717
SG_016119,0.138033
SG_016124,0.113103
SG_016127,0.175871
SG_016132,0.261154
SG_016133,0.162180
SG_016134,0.192469
SG_016138,0.121103
SG_016140,0.156998
SG_016146,0.205435
SG_016147,0.127627
SG_016156,0.206212
SG_016158,0.156670
SG_016159,0.176933
SG_016160,0.089696
SG_016161,0.108034
SG_016163,0.194876
SG_016164,0.169015
SG_016165,0.169971
SG_016166,0.157411
SG_016171,0.163686
SG_016172,0.233848
SG_016174,0.158172
SG_016176,0.157742
SG_016179,0.240291
SG_016181,0.161224
SG_016183,0.122012
SG_016185,0.177991
SG_016186,0.135501
SG_016187,0.069875
SG_016188,0.199284
SG_016190,0.118526
SG_016194,0.237015
SG_016195,0.155612
SG_016196,0.202059
SG_016197,0.184457
SG_016211,0.133283
SG_016214,0.219492
SG_016215,0.204092
SG_016219,0.131870
SG_016221,0.168820
SG_016222,0.158396
SG_016224,0.157539
SG_016225,0.186140
SG_016233,0.183287
SG_016234,0.138832
SG_016235,0.123259
SG_016238,0.073773
SG_016242,0.164760
SG_016244,0.125644
SG_016245,0.111255
SG_016246,0.209886
SG_016249,0.180246
SG_016251,0.225509
SG_016252,0.235686
SG_016259,0.157624
SG_016262,0.186674
SG_016263,0.118232
SG_016268,0.159189
SG_016270,0.133537
SG_016272,0.283217
SG_016273,0.245392
SG_016275,0.221227
SG_016278,0.202272
SG_016282,0.208741
SG_016285,0.183302
SG_016289,0.196780
SG_016292,0.169750
SG_016297,0.124679
SG_016299,0.191155
SG_016310,0.181760
SG_016315,0.129629
SG_016316,0.217643
SG_016318,0.147776
SG_016324,0.118454
SG_016326,0.240243
SG_016327,0.171744
SG_016330,0.091674
SG_016331,0.215117
SG_016332,0.069565
SG_016333,0.201513
SG_016334,0.148720
SG_016337,0.129119
SG_016341,0.212851
SG_016343,0.117429
SG_016345,0.231927
SG_016346,0.140091
SG_016349,0.191277
SG_016351,0.111373
SG_016352,0.080237
SG_016354,0.188484
SG_016363,0.218119
SG_016372,0.210019
SG_016375,0.123052
SG_016382,0.147979
SG_016384,0.119765
SG_016386,0.113135
SG_016389,0.168622
SG_016392,0.185416
SG_016393,0.163680
SG_016394,0.194637
SG_016401,0.145154
SG_016402,0.164709
SG_016405,0.216174
SG_016414,0.167079
SG_016421,0.132170
SG_016424,0.184038
SG_016425,0.150412
SG_016429,0.115452
SG_016431,0.167140
SG_016432,0.150738
SG_016435,0.193567
SG_016436,0.272812
SG_016443,0.118348
SG_016445,0.173512
SG_016450,0.170148
SG_016452,0.154594
SG_016456,0.191758
SG_016462,0.096961
SG_016463,0.139098
SG_016474,0.195842
SG_016482,0.159749
SG_016488,0.155809
SG_016502,0.122645
SG_016503,0.184253
SG_016507,0.164768
SG_016508,0.131685
SG_016511,0.131870
SG_016512,0.245858
SG_016517,0.176177
SG_016518,0.238686
SG_016520,0.152601
SG_016522,0.203860
SG_016524,0.139341
SG_016526,0.204583
SG_016528,0.155445
SG_016529,0.161130
SG_016532,0.160501
SG_016535,0.137933
SG_016537,0.094625
SG_016539,0.085846
SG_016542,0.184560
SG_016545,0.152147
SG_016547,0.140189
SG_016548,0.148600
SG_016554,0.269671
SG_016562,0.180225
SG_016563,0.174598
SG_016566,0.152415
SG_016567,0.155939
SG_016580,0.141805
SG_016581,0.174304
SG_016585,0.173426
SG_016600,0.161917
SG_016603,0.183815
SG_016604,0.119752
SG_016606,0.191054
SG_016609,0.203663
SG_016612,0.195824
SG_016613,0.153385
SG_016614,0.170369
SG_016623,0.136824
SG_016625,0.201688
SG_016632,0.200095
SG_016634,0.142910
SG_016637,0.172389
SG_016641,0.182375
SG_016646,0.135227
SG_016647,0.120022
SG_016660,0.089955
SG_016662,0.224055
SG_016670,0.194649
SG_016671,0.146623
SG_016673,0.135213
SG_016675,0.197757
SG_016685,0.200711
SG_016689,0.227094
SG_016690,0.175737
SG_016691,0.098170
SG_016692,0.212446
SG_016696,0.210161
SG_016698,0.076111
SG_016699,0.122733
SG_016703,0.149805
SG_016704,0.203366
SG_016705,0.174648
SG_016708,0.154022
SG_016710,0.161636
SG_016711,0.163386
SG_016714,0.164494
SG_016716,0.096173
SG_016719,0.166016
SG_016720,0.119231
SG_016721,0.151349
SG_016723,0.109261
SG_016732,0.222668
SG_016733,0.221100
SG_016736,0.124284
SG_016737,0.139970
SG_016738,0.194701
SG_016741,0.251273
SG_016745,0.162152
SG_016746,0.144466
SG_016752,0.175596
SG_016754,0.131975
SG_016758,0.137139
SG_016763,0.140292
SG_016765,0.148194
SG_016769,0.140113
SG_016776,0.188953
SG_016778,0.238712
SG_016779,0.220188
SG_016780,0.235032
SG_016783,0.252772
SG_016785,0.169969
SG_016786,0.189719
SG_016792,0.201245
SG_016793,0.126791
SG_016794,0.146291
SG_016805,0.117341
SG_016807,0.146957
SG_016810,0.193658
SG_016813,0.148810
SG_016818,0.146147
SG_016819,0.127267
SG_016823,0.236291
SG_016827,0.193091
SG_016828,0.115863
SG_016832,0.194130
SG_016834,0.248618
SG_016837,0.239908
SG_016840,0.136686
SG_016843,0.227551
SG_016847,0.165197
SG_016849,0.130888
SG_016851,0.179183
SG_016857,0.152973
SG_016858,0.192279
SG_016859,0.142068
SG_016861,0.171266
SG_016863,0.159686
SG_016874,0.262628
SG_016877,0.112197
SG_016881,0.209971
SG_016885,0.169565
SG_016887,0.243915
SG_016888,0.160191
SG_016891,0.142991
SG_016893,0.126636
SG_016895,0.224086
SG_016900,0.169549
SG_016902,0.169583
SG_016904,0.153204
SG_016909,0.146942
SG_016911,0.229311
SG_016924,0.102750
SG_016925,0.145352
SG_016928,0.178674
SG_016937,0.082325
SG_016939,0.219920
SG_016941,0.165889
SG_016944,0.189907
SG_016946,0.191894
SG_016951,0.161359
SG_016961,0.276744
SG_016963,0.158892
SG_016967,0.174033
SG_016968,0.228071
SG_016971,0.183827
SG_016973,0.169633
SG_016974,0.127557
SG_016975,0.217503
SG_016976,0.139324
SG_016986,0.156666
SG_016989,0.169197
SG_016990,0.228034
SG_017003,0.198295
SG_017005,0.139480
SG_017006,0.112671
SG_017016,0.136719
SG_017018,0.178999
SG_017021,0.130950
SG_017026,0.121025
SG_017028,0.136517
SG_017040,0.156028
SG_017043,0.140132
SG_017044,0.233950
SG_017046,0.208049
SG_017048,0.144577
SG_017049,0.125850
SG_017050,0.117104
SG_017055,0.180558
SG_017056,0.154210
SG_017062,0.121563
SG_017067,0.128809
SG_017070,0.166407
SG_017071,0.245503
SG_017076,0.167331
SG_017077,0.176579
SG_017079,0.092335
SG_017080,0.107368
SG_017085,0.194404
SG_017098,0.149965
SG_017103,0.155762
SG_017110,0.194707
SG_017111,0.242755
SG_017114,0.134925
SG_017116,0.250641
SG_017123,0.105179
SG_017124,0.174292
SG_017126,0.128675
SG_017127,0.144014
SG_017130,0.190751
SG_017139,0.205546
SG_017144,0.144159
SG_017145,0.150634
SG_017146,0.177414
SG_017154,0.162351
SG_017158,0.178532
SG_017170,0.205084
SG_017171,0.193070
SG_017172,0.135268
SG_017182,0.121470
SG_017187,0.111907
SG_017190,0.180713
SG_017192,0.168792
SG_017193,0.143629
SG_017195,0.195260
SG_017202,0.163437
SG_017206,0.162032
SG_017208,0.160449
SG_017213,0.189026
SG_017218,0.117212
SG_017220,0.218343
SG_017223,0.161542
SG_017224,0.195388
SG_017225,0.176806
SG_017227,0.149117
SG_017228,0.188951
SG_017230,0.152981
SG_017232,0.206362
SG_017235,0.230658
SG_017239,0.197299
SG_017241,0.225548
SG_017245,0.144530
SG_017250,0.265646
SG_017254,0.117688
SG_017255,0.181162
SG_017266,0.120726
SG_017269,0.134184
SG_017272,0.148597
SG_017276,0.152417
SG_017279,0.119084
SG_017281,0.119729
SG_017287,0.217908
SG_017288,0.122956
SG_017292,0.129075
SG_017294,0.186683
SG_017296,0.115430
SG_017303,0.146611
SG_017304,0.164624
SG_017309,0.212475
SG_017311,0.138415
SG_017316,0.065198
SG_017317,0.193918
SG_017318,0.195436
SG_017323,0.193993
SG_017328,0.198516
SG_017338,0.148466
SG_017339,0.176129
SG_017347,0.183806
SG_017348,0.118272
SG_017349,0.125959
SG_017350,0.134721
SG_017354,0.142126
SG_017358,0.213969
SG_017360,0.105388
SG_017361,0.149926
SG_017364,0.257390
SG_017368,0.137277
SG_017373,0.158644
SG_017376,0.198999
SG_017383,0.169929
SG_017385,0.129665
SG_017391,0.178963
SG_017399,0.205342
SG_017402,0.056569
SG_017405,0.162588
SG_017406,0.137607
SG_017416,0.165828
SG_017419,0.130963
SG_017421,0.148144
SG_017423,0.234370
SG_017425,0.164777
SG_017428,0.162834
SG_017431,0.164746
SG_017432,0.193610
SG_017438,0.297175
SG_017439,0.075116
SG_017445,0.097554
SG_017448,0.094340
SG_017452,0.161903
SG_017454,0.205580
SG_017457,0.158720
SG_017458,0.167874
SG_017464,0.134467
SG_017465,0.145260
SG_017466,0.228564
SG_017467,0.236165
SG_017475,0.154895
SG_017479,0.208017
SG_017480,0.064843
SG_017481,0.196709
SG_017482,0.147622
SG_017484,0.160847
SG_017486,0.176327
SG_017501,0.127490
SG_017504,0.172785
SG_017507,0.178046
SG_017509,0.156428
SG_017513,0.113798
SG_017514,0.196674
SG_017516,0.095104
SG_017518,0.128639
SG_017521,0.204548
SG_017526,0.177995
SG_017529,0.110848
SG_017532,0.101554
SG_017535,0.167859
SG_017537,0.127972
SG_017538,0.147725
SG_017542,0.169610
SG_017545,0.253872
SG_017549,0.211880
SG_017557,0.200342
SG_017559,0.163948
SG_017560,0.113651
SG_017562,0.165391
SG_017563,0.230460
SG_017565,0.166844
SG_017572,0.120785
SG_017575,0.270841
SG_017577,0.171621
SG_017578,0.127800
SG_017579,0.253655
SG_017580,0.141850
SG_017581,0.200642
SG_017589,0.151592
SG_017590,0.131646
SG_017594,0.192496
SG_017597,0.161891
SG_017604,0.231161
SG_017605,0.167016
SG_017606,0.184904
SG_017607,0.155797
SG_017611,0.210534
SG_017615,0.123781
SG_017616,0.145503
SG_017617,0.264143
SG_017621,0.178507
SG_017622,0.199669
SG_017629,0.164000
SG_017630,0.150571
SG_017634,0.156708
SG_017639,0.163851
SG_017642,0.143585
SG_017646,0.225665
SG_017657,0.223743
SG_017658,0.200239
SG_017667,0.143214
SG_017673,0.176332
SG_017674,0.168503
SG_017677,0.108370
SG_017679,0.117486
SG_017683,0.144188
SG_017687,0.089179
SG_017689,0.217421
SG_017691,0.143416
SG_017693,0.228347
SG_017696,0.155016
SG_017697,0.175717
SG_017702,0.114341
SG_017703,0.276366
SG_017709,0.110120
SG_017714,0.150307
SG_017715,0.268939
SG_017718,0.169710
SG_017719,0.164197
SG_017728,0.228031
SG_017729,0.179054
SG_017739,0.161704
SG_017743,0.152346
SG_017745,0.113027
SG_017746,0.096271
SG_017749,0.224831
SG_017750,0.182614
SG_017754,0.173638
SG_017757,0.169943
SG_017760,0.263287
SG_017774,0.166506
SG_017775,0.112000
SG_017776,0.147853
SG_017777,0.164882
SG_017778,0.182388
SG_017781,0.145631
SG_017782,0.257739
SG_017789,0.185252
SG_017795,0.164136
SG_017798,0.250006
SG_017811,0.167684
SG_017817,0.130886
SG_017819,0.198565
SG_017822,0.185221
SG_017827,0.149388
SG_017830,0.245677
SG_017832,0.147767
SG_017834,0.244513
SG_017838,0.146038
SG_017840,0.208426
SG_017847,0.142874
SG_017851,0.168655
SG_017855,0.218530
SG_017862,0.067033
SG_017865,0.146010
SG_017866,0.173217
SG_017867,0.131184
SG_017878,0.151576
SG_017879,0.099831
SG_017880,0.131485
SG_017881,0.132822
SG_017882,0.158769
SG_017886,0.129830
SG_017888,0.125589
SG_017889,0.177856
SG_017895,0.184858
SG_017900,0.185842
SG_017902,0.191919
SG_017907,0.214334
SG_017909,0.154938
SG_017910,0.159704
SG_017913,0.182673
SG_017914,0.181362
SG_017917,0.223439
SG_017918,0.243665
SG_017919,0.115045
SG_017920,0.168774
SG_017936,0.102046
SG_017938,0.176361
SG_017945,0.224424
SG_017947,0.189081
SG_017949,0.155864
SG_017956,0.241609
SG_017958,0.183134
SG_017960,0.178284
SG_017965,0.137419
SG_017971,0.167101
SG_017973,0.252325
SG_017978,0.257996
SG_017981,0.124385
SG_017985,0.201187
SG_017987,0.224130
SG_017991,0.192273
SG_017992,0.219488
SG_018002,0.196786
SG_018003,0.219067
SG_018005,0.127390
SG_018014,0.157877
SG_018015,0.173288
SG_018016,0.172181
SG_018017,0.255251
SG_018024,0.128614
SG_018028,0.172468
SG_018032,0.150805
SG_018033,0.212400
SG_018037,0.137822
SG_018040,0.176067
SG_018042,0.104641
SG_018046,0.138987
SG_018050,0.254301
SG_018055,0.238495
SG_018056,0.182855
SG_018061,0.136731
SG_018063,0.177440
SG_018064,0.161029
SG_018067,0.144133
SG_018072,0.202972
SG_018073,0.172981
SG_018074,0.200800
SG_018076,0.179254
SG_018080,0.103177
SG_018084,0.217047
SG_018088,0.205750
SG_018090,0.156510
SG_018092,0.172695
SG_018094,0.200668
SG_018096,0.144427
SG_018100,0.221319
SG_018109,0.223851
SG_018111,0.136502
SG_018120,0.181986
SG_018124,0.331139
SG_018125,0.189272
SG_018130,0.149228
SG_018132,0.203403
SG_018134,0.149950
SG_018140,0.157776
SG_018144,0.139049
SG_018146,0.250436
SG_018150,0.206608
SG_018154,0.277602
SG_018155,0.149840
SG_018160,0.077816
SG_018165,0.162494
SG_018166,0.129225
SG_018170,0.139975
SG_018174,0.192270
SG_018175,0.105663
SG_018178,0.140695
SG_018181,0.168830
SG_018186,0.140227
SG_018188,0.163824
SG_018195,0.119250
SG_018198,0.201379
SG_018201,0.079993
SG_018206,0.202532
SG_018208,0.151741
SG_018214,0.255305
SG_018215,0.258915
SG_018216,0.197351
SG_018221,0.221856
SG_018224,0.104028
SG_018228,0.182027
SG_018229,0.124773
SG_018238,0.136716
SG_018241,0.098605
SG_018246,0.154313
SG_018247,0.153447
SG_018252,0.238930
SG_018253,0.145114
SG_018259,0.252059
SG_018261,0.134561
SG_018263,0.161335
SG_018266,0.178467
SG_018269,0.183596
SG_018270,0.158900
SG_018276,0.180016
SG_018278,0.166860
SG_018281,0.158392
SG_018282,0.166507
SG_018284,0.201807
SG_018286,0.109613
SG_018287,0.163104
SG_018294,0.105310
SG_018297,0.128329
SG_018303,0.232549
SG_018305,0.200728
SG_018307,0.134464
SG_018312,0.170337
SG_018316,0.152642
SG_018321,0.167080
SG_018322,0.156112
SG_018325,0.090481
SG_018327,0.132001
SG_018330,0.130915
SG_018334,0.150102
SG_018336,0.205347
SG_018338,0.215400
SG_018341,0.137914
SG_018342,0.164137
SG_018347,0.154797
SG_018348,0.148925
SG_018351,0.145566
SG_018360,0.275350
SG_018361,0.195884
SG_018364,0.186667
SG_018366,0.164394
SG_018368,0.163631
SG_018372,0.223101
SG_018379,0.143480
SG_018381,0.161542
SG_018386,0.116440
SG_018387,0.234361
SG_018388,0.195813
SG_018394,0.184123
SG_018407,0.142054
SG_018410,0.156973
SG_018411,0.143964
SG_018417,0.166246
SG_018418,0.155004
SG_018420,0.173950
SG_018422,0.191887
SG_018424,0.230295
SG_018426,0.079412
SG_018427,0.138413
SG_018430,0.158741
SG_018433,0.183765
SG_018434,0.184446
SG_018436,0.266785
SG_018441,0.188864
SG_018442,0.140204
SG_018445,0.144131
SG_018448,0.157059
SG_018452,0.083620
SG_018455,0.206699
SG_018458,0.143205
SG_018462,0.258157
SG_018468,0.147420
SG_018469,0.188440
SG_018470,0.182526
SG_018471,0.176220
SG_018472,0.204597
SG_018474,0.066240
SG_018476,0.243522
SG_018481,0.167746
SG_018485,0.183205
SG_018487,0.187885
SG_018490,0.120501
SG_018491,0.149094
SG_018493,0.187852
SG_018494,0.152862
SG_018497,0.147218
SG_018501,0.111432
SG_018503,0.131321
SG_018505,0.154992
SG_018506,0.171566
SG_018510,0.152911
SG_018511,0.160909
SG_018514,0.185227
SG_018519,0.164803
SG_018520,0.081106
SG_018524,0.173418
SG_018525,0.074199
SG_018526,0.144908
SG_018529,0.207939
SG_018531,0.199305
SG_018534,0.156931
SG_018536,0.130472
SG_018537,0.157164
SG_018543,0.211893
SG_018544,0.152625
SG_018547,0.133575
SG_018548,0.135048
SG_018549,0.186636
SG_018553,0.113158
SG_018555,0.169065
SG_018558,0.151376
SG_018566,0.102203
SG_018568,0.199153
SG_018569,0.096571
SG_018573,0.223339
SG_018576,0.170056
SG_018579,0.130950
SG_018587,0.197068
SG_018591,0.174723
SG_018594,0.146921
SG_018601,0.198705
SG_018603,0.218857
SG_018608,0.179908
SG_018611,0.202502
SG_018612,0.219989
SG_018615,0.139389
SG_018617,0.149914
SG_018621,0.174966
SG_018623,0.214816
SG_018624,0.197325
SG_018631,0.122448
SG_018636,0.157805
SG_018637,0.134618
SG_018639,0.254057
SG_018644,0.100032
SG_018645,0.164899
SG_018647,0.224962
SG_018650,0.204310
SG_018651,0.164031
SG_018662,0.163571
SG_018663,0.197690
SG_018664,0.206815
SG_018665,0.195448
SG_018670,0.247043
SG_018676,0.156367
SG_018677,0.122877
SG_018678,0.198498
SG_018680,0.167519
SG_018685,0.177269
SG_018686,0.199321
SG_018687,0.198824
SG_018688,0.118202
SG_018689,0.166076
SG_018693,0.166119
SG_018694,0.122998
SG_018697,0.205831
SG_018703,0.154232
SG_018705,0.187149
SG_018709,0.103009
SG_018710,0.375692
SG_018711,0.226241
SG_018717,0.095398
SG_018721,0.171873
SG_018722,0.162420
SG_018731,0.172743
SG_018733,0.211280
SG_018738,0.124997
SG_018744,0.148128
SG_018745,0.197628
SG_018748,0.146717
SG_018756,0.216948
SG_018758,0.233280
SG_018761,0.171612
SG_018765,0.126261
SG_018766,0.271898
SG_018767,0.152134
SG_018768,0.175693
SG_018770,0.148742
SG_018779,0.170489
SG_018787,0.157559
SG_018788,0.225334
SG_018789,0.161282
SG_018791,0.193931
SG_018792,0.224731
SG_018793,0.091604
SG_018798,0.214456
SG_018799,0.182535
SG_018800,0.141718
SG_018803,0.156771
SG_018806,0.214048
SG_018809,0.116760
SG_018811,0.178538
SG_018817,0.141930
SG_018818,0.162044
SG_018821,0.079759
SG_018822,0.150033
SG_018823,0.159921
SG_018826,0.233164
SG_018831,0.122587
SG_018834,0.153048
SG_018837,0.184351
SG_018838,0.254442
SG_018842,0.194959
SG_018843,0.308372
SG_018847,0.141157
SG_018850,0.129468
SG_018852,0.198749
SG_018853,0.099092
SG_018859,0.243252
SG_018861,0.231043
SG_018875,0.141622
SG_018883,0.202335
SG_018885,0.121368
SG_018889,0.179383
SG_018890,0.147481
SG_018894,0.184639
SG_018895,0.278010
SG_018899,0.145115
SG_018901,0.144596
SG_018902,0.154506
SG_018904,0.193753
SG_018905,0.208971
SG_018906,0.152658
SG_018907,0.216886
SG_018908,0.117609
SG_018915,0.201372
SG_018918,0.139448
SG_018920,0.160874
SG_018924,0.238395
SG_018928,0.208878
SG_018940,0.169346
SG_018941,0.129053
SG_018942,0.188246
SG_018965,0.246893
SG_018966,0.116099
SG_018968,0.164793
SG_018970,0.188617
SG_018972,0.146400
SG_018978,0.125147
SG_018981,0.161982
SG_018984,0.128054
SG_018990,0.196772
SG_019006,0.219460
SG_019012,0.195364
SG_019014,0.163988
SG_019015,0.224510
SG_019016,0.226118
SG_019018,0.225181
SG_019019,0.107031
SG_019023,0.236317
SG_019028,0.246577
SG_019030,0.195341
SG_019036,0.147980
SG_019038,0.111733
SG_019039,0.209863
SG_019041,0.220996
SG_019042,0.157506
SG_019044,0.277193
SG_019051,0.137656
SG_019053,0.193658
SG_019054,0.178415
SG_019058,0.203935
SG_019069,0.160876
SG_019071,0.098149
SG_019082,0.144217
SG_019083,0.163747
SG_019084,0.198913
SG_019087,0.104160
SG_019092,0.122339
SG_019098,0.205429
SG_019102,0.253305
SG_019105,0.217287
SG_019106,0.216805
SG_019109,0.157475
SG_019115,0.205797
SG_019117,0.224899
SG_019119,0.135633
SG_019120,0.179464
SG_019131,0.156226
SG_019142,0.240316
SG_019146,0.187599
SG_019147,0.183357
SG_019149,0.121875
SG_019150,0.201790
SG_019162,0.148055
SG_019167,0.146202
SG_019169,0.157436
SG_019171,0.095226
SG_019176,0.214792
SG_019184,0.157439
SG_019187,0.150263
SG_019190,0.141830
SG_019197,0.136442
SG_019198,0.143313
SG_019201,0.151231
SG_019203,0.197655
SG_019204,0.196493
SG_019208,0.148958
SG_019209,0.142421
SG_019211,0.142033
SG_019212,0.142521
SG_019217,0.186739
SG_019221,0.145846
SG_019222,0.222214
SG_019223,0.117157
SG_019225,0.148828
SG_019237,0.192344
SG_019244,0.142222
SG_019245,0.245434
SG_019246,0.085206
SG_019247,0.135976
SG_019248,0.157054
SG_019249,0.177345
SG_019251,0.150352
SG_019253,0.121558
SG_019254,0.096871
SG_019255,0.196177
SG_019259,0.118000
SG_019265,0.133165
SG_019266,0.186646
SG_019267,0.176279
SG_019270,0.134906
SG_019271,0.155439
SG_019272,0.184763
SG_019273,0.142789
SG_019274,0.083329
SG_019275,0.134702
SG_019276,0.118497
SG_019282,0.133134
SG_019286,0.158331
SG_019289,0.184267
SG_019295,0.189663
SG_019296,0.209721
SG_019298,0.065025
SG_019300,0.148139
SG_019302,0.184232
SG_019311,0.153817
SG_019314,0.201583
SG_019315,0.131229
SG_019316,0.218250
SG_019321,0.130889
SG_019325,0.212474
SG_019326,0.218180
SG_019328,0.110118
SG_019330,0.130825
SG_019333,0.148551
SG_019336,0.194251
SG_019339,0.187587
SG_019346,0.122454
SG_019352,0.186056
SG_019358,0.216387
SG_019362,0.224128
SG_019368,0.144560
SG_019371,0.149838
SG_019373,0.230805
SG_019374,0.212049
SG_019375,0.221940
SG_019376,0.208513
SG_019386,0.181555
SG_019388,0.169767
SG_019394,0.189394
SG_019398,0.171342
SG_019408,0.185677
SG_019411,0.116499
SG_019419,0.270509
SG_019421,0.166537
SG_019425,0.171280
SG_019427,0.205140
SG_019428,0.161746
SG_019431,0.174581
SG_019432,0.159311
SG_019433,0.164424
SG_019436,0.237030
SG_019437,0.197477
SG_019440,0.087849
SG_019442,0.185353
SG_019446,0.161086
SG_019447,0.114265
SG_019449,0.130566
SG_019452,0.114964
SG_019455,0.183675
SG_019456,0.132645
SG_019458,0.218585
SG_019466,0.177200
SG_019468,0.288703
SG_019470,0.141558
SG_019471,0.178273
SG_019473,0.128501
SG_019478,0.174596
SG_019485,0.301783
SG_019488,0.170339
SG_019489,0.154429
SG_019491,0.197243
SG_019496,0.186667
SG_019498,0.129486
SG_019510,0.218315
SG_019516,0.088198
SG_019519,0.136112
SG_019523,0.193903
SG_019527,0.108631
SG_019530,0.188851
SG_019532,0.116224
SG_019534,0.140714
SG_019540,0.203126
SG_019541,0.181219
SG_019543,0.194029
SG_019553,0.181895
SG_019558,0.157482
SG_019562,0.129019
SG_019563,0.204734
SG_019564,0.173645
SG_019567,0.124435
SG_019570,0.197932
SG_019577,0.166792
SG_019583,0.177232
SG_019585,0.144405
SG_019587,0.163851
SG_019588,0.094635
SG_019591,0.137981
SG_019593,0.120331
SG_019598,0.153567
SG_019599,0.189352
SG_019602,0.244811
SG_019609,0.258549
SG_019620,0.172687
SG_019621,0.102546
SG_019624,0.233237
SG_019625,0.224459
SG_019627,0.065884
SG_019635,0.130524
SG_019638,0.141729
SG_019639,0.086387
SG_019642,0.251572
SG_019645,0.159404
SG_019647,0.233195
SG_019648,0.142667
SG_019650,0.145757
SG_019652,0.158044
SG_019654,0.238629
SG_019657,0.165937
SG_019660,0.142215
SG_019661,0.151099
SG_019662,0.163252
SG_019665,0.164427
SG_019666,0.137890
SG_019667,0.183435
SG_019676,0.149885
SG_019679,0.265955
SG_019680,0.229514
SG_019683,0.210327
SG_019689,0.140757
SG_019690,0.194043
SG_019691,0.174696
SG_019695,0.126306
SG_019698,0.176542
SG_019710,0.163040
SG_019711,0.161816
SG_019716,0.148048
SG_019724,0.142487
SG_019727,0.202440
SG_019728,0.164172
SG_019729,0.138070
SG_019733,0.267456
SG_019738,0.159329
SG_019740,0.158178
SG_019746,0.230108
SG_019747,0.163417
SG_019750,0.220593
SG_019755,0.251220
SG_019756,0.148190
SG_019761,0.147434
SG_019764,0.135692
SG_019766,0.153079
SG_019767,0.143659
SG_019769,0.204118
SG_019779,0.115300
SG_019782,0.120483
SG_019783,0.158040
SG_019784,0.157016
SG_019791,0.150181
SG_019792,0.141595
SG_019793,0.236344
SG_019797,0.136968
SG_019800,0.214600
SG_019801,0.161339
SG_019802,0.136418
SG_019804,0.130650
SG_019807,0.201718
SG_019809,0.237390
SG_019811,0.159944
SG_019812,0.129147
SG_019819,0.149779
SG_019828,0.113122
SG_019830,0.140255
SG_019832,0.108209
SG_019835,0.133331
SG_019838,0.135773
SG_019839,0.137173
SG_019842,0.196613
SG_019846,0.195569
SG_019849,0.131698
SG_019851,0.234636
SG_019852,0.119006
SG_019853,0.189342
SG_019854,0.212858
SG_019857,0.174283
SG_019858,0.153805
SG_019859,0.261991
SG_019864,0.209629
SG_019865,0.182254
SG_019868,0.217194
SG_019869,0.230753
SG_019873,0.116446
SG_019878,0.157435
SG_019883,0.219059
SG_019887,0.128975
SG_019888,0.111603
SG_019895,0.170557
SG_019900,0.131734
SG_019903,0.138885
SG_019906,0.236544
SG_019909,0.113672
SG_019910,0.127765
SG_019913,0.164707
SG_019914,0.210594
SG_019921,0.171545
SG_019923,0.192190
SG_019928,0.262113
SG_019930,0.274977
SG_019933,0.144598
SG_019939,0.124738
SG_019941,0.190986
SG_019944,0.191107
SG_019945,0.203354
SG_019947,0.132042
SG_019949,0.239312
SG_019950,0.196336
SG_019954,0.184650
SG_019955,0.200051
SG_019960,0.101592
SG_019961,0.232383
SG_019966,0.226403
SG_019968,0.159110
SG_019970,0.131901
SG_019973,0.131048
SG_019974,0.183047
SG_019976,0.152732
SG_019978,0.151784
SG_019980,0.082074
SG_019981,0.187656
SG_019983,0.193781
SG_019984,0.173488
SG_019985,0.141649
SG_019989,0.089560
SG_019994,0.158673
SG_019998,0.142570
SG_019999,0.220009
SG_020000,0.162810
