signal_id,ehtimollik
SG_000001,0.444292
SG_000007,0.614792
SG_000009,0.122917
SG_000010,0.073375
SG_000011,0.294625
SG_000018,0.770583
SG_000024,0.746750
SG_000026,0.378333
SG_000032,0.721333
SG_000033,0.665292
SG_000034,0.107667
SG_000036,0.247583
SG_000039,0.436417
SG_000048,0.397792
SG_000049,0.375542
SG_000050,0.913833
SG_000053,0.094958
SG_000054,0.801708
SG_000055,0.834292
SG_000058,0.305125
SG_000059,0.420208
SG_000061,0.671750
SG_000062,0.567042
SG_000072,0.599958
SG_000073,0.393833
SG_000075,0.745458
SG_000080,0.874958
SG_000081,0.720500
SG_000083,0.264167
SG_000086,0.711083
SG_000087,0.921167
SG_000092,0.735042
SG_000099,0.891125
SG_000100,0.456583
SG_000105,0.269542
SG_000106,0.812958
SG_000107,0.031833
SG_000118,0.633333
SG_000120,0.165500
SG_000125,0.332583
SG_000129,0.288833
SG_000137,0.451875
SG_000146,0.446417
SG_000147,0.861292
SG_000149,0.891417
SG_000153,0.783292
SG_000161,0.357292
SG_000163,0.211625
SG_000165,0.822708
SG_000173,0.315042
SG_000178,0.432542
SG_000179,0.324875
SG_000187,0.906250
SG_000192,0.031625
SG_000193,0.470708
SG_000195,0.289000
SG_000196,0.523667
SG_000201,0.077667
SG_000203,0.530500
SG_000205,0.961292
SG_000207,0.558833
SG_000211,0.833917
SG_000214,0.388042
SG_000217,0.112875
SG_000218,0.962583
SG_000219,0.661125
SG_000227,0.298917
SG_000229,0.335708
SG_000232,0.696958
SG_000240,0.144917
SG_000242,0.778625
SG_000244,0.348750
SG_000246,0.201625
SG_000250,0.466042
SG_000253,0.800583
SG_000262,0.505917
SG_000269,0.784208
SG_000270,0.327000
SG_000271,0.940750
SG_000284,0.764958
SG_000286,0.730750
SG_000287,0.101042
SG_000290,0.883750
SG_000291,0.270542
SG_000301,0.519250
SG_000302,0.686208
SG_000304,0.266250
SG_000306,0.777667
SG_000309,0.333250
SG_000314,0.608250
SG_000319,0.834667
SG_000320,0.325500
SG_000321,0.561708
SG_000325,0.703125
SG_000328,0.406083
SG_000329,0.267625
SG_000333,0.691542
SG_000334,0.976042
SG_000335,0.472042
SG_000339,0.131958
SG_000341,0.193042
SG_000345,0.772792
SG_000347,0.295042
SG_000349,0.387708
SG_000350,0.386292
SG_000351,0.078250
SG_000357,0.351625
SG_000360,0.845083
SG_000366,0.974042
SG_000368,0.737917
SG_000370,0.531375
SG_000378,0.512875
SG_000386,0.619708
SG_000394,0.534958
SG_000395,0.100333
SG_000397,0.917833
SG_000398,0.635667
SG_000401,0.817250
SG_000402,0.502458
SG_000414,0.565708
SG_000415,0.472833
SG_000419,0.823542
SG_000420,0.720500
SG_000422,0.938750
SG_000425,0.338333
SG_000430,0.082417
SG_000431,0.007958
SG_000435,0.109250
SG_000436,0.229375
SG_000440,0.463875
SG_000444,0.254208
SG_000450,0.613792
SG_000452,0.488042
SG_000454,0.249000
SG_000460,0.727833
SG_000462,0.464750
SG_000471,0.469958
SG_000474,0.821708
SG_000475,0.841167
SG_000476,0.229167
SG_000480,0.672167
SG_000482,0.948000
SG_000484,0.808458
SG_000487,0.727167
SG_000488,0.829375
SG_000494,0.852333
SG_000496,0.422042
SG_000497,0.035375
SG_000498,0.387625
SG_000501,0.679792
SG_000506,0.253958
SG_000511,0.291000
SG_000513,0.203458
SG_000524,0.211583
SG_000526,0.742292
SG_000527,0.155125
SG_000530,0.464625
SG_000535,0.468083
SG_000536,0.502583
SG_000551,0.588958
SG_000561,0.857250
SG_000563,0.911208
SG_000567,0.620042
SG_000572,0.781417
SG_000580,0.486625
SG_000583,0.515750
SG_000585,0.913208
SG_000588,0.287958
SG_000591,0.572458
SG_000593,0.375375
SG_000594,0.489750
SG_000598,0.136167
SG_000603,0.394625
SG_000610,0.164417
SG_000614,0.330750
SG_000615,0.671750
SG_000616,0.083792
SG_000617,0.331042
SG_000619,0.350333
SG_000621,0.753875
SG_000629,0.841625
SG_000633,0.711958
SG_000634,0.770583
SG_000638,0.494125
SG_000640,0.327042
SG_000643,0.770250
SG_000646,0.966375
SG_000648,0.307458
SG_000657,0.273417
SG_000662,0.543500
SG_000665,0.098167
SG_000666,0.893458
SG_000672,0.117333
SG_000674,0.619625
SG_000677,0.315208
SG_000678,0.917083
SG_000679,0.125917
SG_000691,0.272792
SG_000692,0.281750
SG_000693,0.705208
SG_000695,0.843708
SG_000696,0.365542
SG_000698,0.061708
SG_000706,0.237500
SG_000709,0.205792
SG_000713,0.439958
SG_000716,0.433542
SG_000717,0.111875
SG_000719,0.678375
SG_000722,0.766208
SG_000727,0.497292
SG_000734,0.600833
SG_000737,0.116000
SG_000739,0.350375
SG_000742,0.768500
SG_000743,0.371708
SG_000750,0.567500
SG_000751,0.880542
SG_000759,0.970250
SG_000762,0.600542
SG_000764,0.483292
SG_000768,0.102042
SG_000769,0.691125
SG_000770,0.554875
SG_000788,0.934375
SG_000790,0.272458
SG_000797,0.522958
SG_000798,0.102792
SG_000799,0.759000
SG_000802,0.607917
SG_000803,0.793125
SG_000809,0.584917
SG_000811,0.183167
SG_000812,0.827208
SG_000816,0.925417
SG_000817,0.515667
SG_000820,0.142208
SG_000821,0.132417
SG_000826,0.714667
SG_000840,0.771875
SG_000849,0.897458
SG_000851,0.423083
SG_000856,0.125542
SG_000857,0.377000
SG_000864,0.130625
SG_000865,0.089083
SG_000875,0.557292
SG_000883,0.281708
SG_000888,0.402625
SG_000889,0.774333
SG_000890,0.651583
SG_000891,0.513208
SG_000903,0.425750
SG_000907,0.327500
SG_000909,0.196417
SG_000910,0.618833
SG_000911,0.795042
SG_000912,0.665083
SG_000913,0.663875
SG_000917,0.788625
SG_000920,0.808667
SG_000928,0.070750
SG_000934,0.099833
SG_000935,0.868375
SG_000938,0.565500
SG_000940,0.153583
SG_000943,0.595875
SG_000945,0.513042
SG_000946,0.346125
SG_000948,0.647750
SG_000950,0.200708
SG_000954,0.325958
SG_000959,0.920125
SG_000963,0.368875
SG_000965,0.439958
SG_000968,0.607958
SG_000970,0.898792
SG_000973,0.073500
SG_000975,0.264917
SG_000977,0.220667
SG_000980,0.818000
SG_000981,0.707208
SG_000985,0.531417
SG_000987,0.770542
SG_000988,0.440417
SG_000990,0.458167
SG_000991,0.773542
SG_001002,0.658667
SG_001004,0.947167
SG_001009,0.451125
SG_001010,0.262375
SG_001014,0.534208
SG_001023,0.526708
SG_001027,0.015542
SG_001028,0.884583
SG_001030,0.492333
SG_001031,0.840875
SG_001032,0.547875
SG_001042,0.347083
SG_001048,0.082208
SG_001049,0.235917
SG_001052,0.291125
SG_001058,0.501708
SG_001060,0.158208
SG_001066,0.602542
SG_001067,0.697167
SG_001070,0.474375
SG_001071,0.312250
SG_001075,0.042333
SG_001076,0.654375
SG_001078,0.241375
SG_001081,0.732875
SG_001085,0.185208
SG_001086,0.440500
SG_001100,0.386417
SG_001101,0.009458
SG_001102,0.824417
SG_001106,0.129292
SG_001107,0.110125
SG_001108,0.708667
SG_001109,0.276500
SG_001111,0.945333
SG_001117,0.871042
SG_001121,0.489417
SG_001123,0.844500
SG_001125,0.572792
SG_001126,0.995125
SG_001128,0.300125
SG_001133,0.214708
SG_001135,0.603667
SG_001143,0.991417
SG_001153,0.050500
SG_001155,0.832083
SG_001157,0.680375
SG_001159,0.450625
SG_001161,0.930042
SG_001163,0.246208
SG_001167,0.939458
SG_001180,0.446792
SG_001181,0.873083
SG_001182,0.443958
SG_001184,0.838667
SG_001188,0.134917
SG_001190,0.852000
SG_001192,0.720750
SG_001196,0.937667
SG_001201,0.828958
SG_001202,0.013167
SG_001203,0.773333
SG_001205,0.201917
SG_001208,0.943708
SG_001210,0.493583
SG_001211,0.728500
SG_001213,0.805750
SG_001215,0.715083
SG_001217,0.726292
SG_001225,0.835792
SG_001226,0.525250
SG_001229,0.623917
SG_001230,0.308375
SG_001236,0.283625
SG_001237,0.039042
SG_001243,0.935125
SG_001245,0.251958
SG_001248,0.090167
SG_001252,0.123625
SG_001255,0.937958
SG_001257,0.646250
SG_001262,0.489750
SG_001264,0.547292
SG_001267,0.147000
SG_001279,0.002833
SG_001285,0.542833
SG_001287,0.200042
SG_001293,0.877625
SG_001296,0.824750
SG_001298,0.473417
SG_001303,0.271667
SG_001305,0.216708
SG_001306,0.475583
SG_001309,0.702750
SG_001312,0.189250
SG_001313,0.306500
SG_001314,0.269917
SG_001316,0.508292
SG_001318,0.119750
SG_001319,0.498000
SG_001321,0.858250
SG_001322,0.858500
SG_001327,0.225708
SG_001331,0.285458
SG_001335,0.284542
SG_001336,0.451667
SG_001349,0.836042
SG_001350,0.727583
SG_001352,0.807083
SG_001354,0.466250
SG_001361,0.260458
SG_001362,0.848833
SG_001364,0.451958
SG_001374,0.781958
SG_001389,0.274792
SG_001390,0.070125
SG_001395,0.849583
SG_001397,0.231125
SG_001401,0.453708
SG_001402,0.691583
SG_001405,0.261708
SG_001412,0.735917
SG_001415,0.741917
SG_001419,0.066083
SG_001421,0.754250
SG_001423,0.547792
SG_001432,0.568167
SG_001433,0.083250
SG_001441,0.752167
SG_001446,0.284917
SG_001447,0.560167
SG_001448,0.036125
SG_001453,0.174792
SG_001458,0.490333
SG_001465,0.508250
SG_001469,0.796792
SG_001470,0.613708
SG_001472,0.784417
SG_001476,0.366250
SG_001478,0.830042
SG_001480,0.930458
SG_001484,0.119458
SG_001487,0.890250
SG_001493,0.428792
SG_001494,0.904042
SG_001500,0.742875
SG_001505,0.860083
SG_001506,0.285958
SG_001510,0.112208
SG_001514,0.723250
SG_001520,0.339333
SG_001525,0.900000
SG_001527,0.296083
SG_001528,0.304708
SG_001529,0.151250
SG_001531,0.587417
SG_001541,0.897167
SG_001542,0.430500
SG_001543,0.872292
SG_001545,0.583500
SG_001549,0.734542
SG_001557,0.103875
SG_001558,0.938750
SG_001561,0.812583
SG_001562,0.098750
SG_001563,0.794958
SG_001567,0.212125
SG_001568,0.499458
SG_001569,0.240083
SG_001570,0.497333
SG_001571,0.675083
SG_001572,0.898167
SG_001573,0.175167
SG_001576,0.790125
SG_001584,0.594208
SG_001590,0.394833
SG_001591,0.133833
SG_001592,0.085042
SG_001595,0.140917
SG_001601,0.890458
SG_001604,0.825417
SG_001609,0.891875
SG_001610,0.782625
SG_001612,0.314958
SG_001613,0.467958
SG_001615,0.346083
SG_001623,0.274208
SG_001624,0.328292
SG_001631,0.431792
SG_001634,0.658250
SG_001636,0.918083
SG_001638,0.874583
SG_001647,0.875000
SG_001650,0.685833
SG_001653,0.860042
SG_001654,0.940083
SG_001658,0.817542
SG_001663,0.511125
SG_001667,0.180375
SG_001668,0.476208
SG_001670,0.090083
SG_001683,0.217167
SG_001686,0.792333
SG_001688,0.698875
SG_001689,0.052958
SG_001698,0.737042
SG_001704,0.683333
SG_001711,0.890750
SG_001719,0.189000
SG_001720,0.047417
SG_001723,0.731708
SG_001726,0.744125
SG_001728,0.258625
SG_001731,0.153542
SG_001733,0.822542
SG_001734,0.237125
SG_001735,0.810125
SG_001737,0.915250
SG_001738,0.628958
SG_001739,0.560500
SG_001740,0.563667
SG_001744,0.683583
SG_001745,0.434250
SG_001750,0.318917
SG_001751,0.314208
SG_001761,0.639250
SG_001767,0.202542
SG_001768,0.882625
SG_001769,0.441125
SG_001776,0.968417
SG_001786,0.011458
SG_001788,0.526375
SG_001789,0.530625
SG_001790,0.097583
SG_001791,0.770667
SG_001792,0.753542
SG_001793,0.370875
SG_001796,0.620000
SG_001797,0.271333
SG_001803,0.487417
SG_001804,0.229000
SG_001806,0.252750
SG_001811,0.425042
SG_001815,0.920458
SG_001819,0.300417
SG_001824,0.488625
SG_001825,0.917750
SG_001827,0.625333
SG_001830,0.395625
SG_001831,0.145542
SG_001833,0.872667
SG_001836,0.233917
SG_001844,0.861583
SG_001846,0.329625
SG_001847,0.436458
SG_001848,0.832375
SG_001849,0.696292
SG_001851,0.154167
SG_001858,0.585958
SG_001860,0.177875
SG_001862,0.714458
SG_001864,0.118875
SG_001865,0.454333
SG_001867,0.298500
SG_001872,0.033167
SG_001876,0.429708
SG_001877,0.882292
SG_001883,0.736042
SG_001884,0.534833
SG_001885,0.116833
SG_001886,0.884667
SG_001888,0.415375
SG_001890,0.399083
SG_001892,0.565167
SG_001893,0.901417
SG_001894,0.195667
SG_001895,0.906375
SG_001897,0.574750
SG_001901,0.589958
SG_001903,0.644875
SG_001904,0.097917
SG_001906,0.460208
SG_001909,0.775250
SG_001912,0.536792
SG_001914,0.238458
SG_001915,0.426375
SG_001919,0.929792
SG_001924,0.367125
SG_001925,0.090750
SG_001928,0.544542
SG_001930,0.679292
SG_001932,0.341750
SG_001933,0.377458
SG_001934,0.105542
SG_001936,0.141375
SG_001947,0.402375
SG_001953,0.824458
SG_001954,0.149417
SG_001955,0.756667
SG_001963,0.706042
SG_001971,0.722750
SG_001975,0.543500
SG_001976,0.391375
SG_001977,0.863750
SG_001980,0.389542
SG_001981,0.101917
SG_001982,0.424875
SG_001990,0.494583
SG_001999,0.216167
SG_002000,0.829000
SG_002002,0.931625
SG_002004,0.220292
SG_002008,0.862292
SG_002009,0.558917
SG_002016,0.854958
SG_002021,0.516500
SG_002024,0.680875
SG_002027,0.667500
SG_002037,0.924375
SG_002038,0.751125
SG_002039,0.582125
SG_002044,0.749375
SG_002045,0.225333
SG_002048,0.110250
SG_002050,0.786542
SG_002052,0.553417
SG_002063,0.450417
SG_002067,0.919875
SG_002068,0.228542
SG_002069,0.347875
SG_002074,0.228583
SG_002075,0.367708
SG_002078,0.104625
SG_002081,0.382792
SG_002090,0.659083
SG_002097,0.912375
SG_002103,0.564750
SG_002105,0.784667
SG_002110,0.283542
SG_002122,0.336583
SG_002123,0.227000
SG_002125,0.988833
SG_002129,0.848042
SG_002131,0.963917
SG_002137,0.345708
SG_002142,0.385833
SG_002150,0.377833
SG_002151,0.363000
SG_002152,0.713500
SG_002166,0.332958
SG_002171,0.777792
SG_002172,0.495917
SG_002176,0.386333
SG_002177,0.818208
SG_002181,0.885833
SG_002184,0.394375
SG_002185,0.970792
SG_002186,0.176167
SG_002191,0.283750
SG_002192,0.648333
SG_002194,0.412625
SG_002200,0.163375
SG_002209,0.791500
SG_002213,0.160792
SG_002220,0.377792
SG_002223,0.184292
SG_002227,0.162542
SG_002228,0.284458
SG_002233,0.415125
SG_002241,0.718000
SG_002248,0.875833
SG_002251,0.458833
SG_002252,0.702125
SG_002254,0.815042
SG_002255,0.811333
SG_002260,0.739875
SG_002262,0.486167
SG_002263,0.308042
SG_002266,0.326917
SG_002270,0.095542
SG_002277,0.631917
SG_002278,0.067000
SG_002280,0.705917
SG_002281,0.131375
SG_002283,0.405500
SG_002284,0.782375
SG_002286,0.366625
SG_002288,0.244792
SG_002291,0.690667
SG_002292,0.374833
SG_002294,0.498167
SG_002296,0.821250
SG_002298,0.510500
SG_002301,0.413500
SG_002304,0.786875
SG_002311,0.793167
SG_002319,0.931917
SG_002320,0.354500
SG_002322,0.192875
SG_002324,0.304875
SG_002328,0.790083
SG_002332,0.534750
SG_002341,0.950125
SG_002346,0.340000
SG_002347,0.766583
SG_002352,0.563083
SG_002357,0.422417
SG_002361,0.566125
SG_002370,0.101583
SG_002371,0.409458
SG_002372,0.222708
SG_002373,0.253458
SG_002374,0.205833
SG_002375,0.534083
SG_002381,0.341250
SG_002385,0.070625
SG_002387,0.728875
SG_002390,0.821125
SG_002391,0.182042
SG_002392,0.055708
SG_002394,0.868542
SG_002396,0.305542
SG_002401,0.481125
SG_002402,0.266417
SG_002404,0.825083
SG_002407,0.574542
SG_002410,0.576500
SG_002419,0.762458
SG_002421,0.646667
SG_002422,0.316875
SG_002423,0.973625
SG_002429,0.415458
SG_002430,0.519708
SG_002434,0.835458
SG_002437,0.632708
SG_002442,0.744750
SG_002444,0.020792
SG_002447,0.348875
SG_002448,0.247500
SG_002450,0.899500
SG_002453,0.162708
SG_002454,0.613708
SG_002455,0.779708
SG_002456,0.505292
SG_002458,0.682667
SG_002459,0.244083
SG_002460,0.650625
SG_002462,0.136667
SG_002464,0.382208
SG_002466,0.758000
SG_002475,0.722833
SG_002477,0.718375
SG_002479,0.452875
SG_002482,0.771000
SG_002483,0.886542
SG_002486,0.445167
SG_002490,0.883625
SG_002493,0.312167
SG_002495,0.635500
SG_002498,0.267833
SG_002500,0.648375
SG_002502,0.327542
SG_002507,0.292375
SG_002509,0.802583
SG_002517,0.658583
SG_002520,0.284667
SG_002522,0.432792
SG_002526,0.272958
SG_002529,0.164083
SG_002532,0.160792
SG_002539,0.059917
SG_002541,0.097833
SG_002544,0.193625
SG_002545,0.461667
SG_002546,0.417042
SG_002548,0.600417
SG_002555,0.765042
SG_002559,0.392917
SG_002568,0.105375
SG_002572,0.931042
SG_002573,0.210833
SG_002577,0.497250
SG_002580,0.793625
SG_002583,0.852333
SG_002586,0.251042
SG_002587,0.926167
SG_002588,0.209417
SG_002594,0.166917
SG_002596,0.113000
SG_002597,0.055625
SG_002599,0.478125
SG_002600,0.382625
SG_002601,0.042333
SG_002605,0.484542
SG_002613,0.627583
SG_002615,0.708792
SG_002618,0.118000
SG_002622,0.130583
SG_002627,0.625500
SG_002628,0.462250
SG_002630,0.082583
SG_002633,0.393500
SG_002638,0.069667
SG_002649,0.785833
SG_002650,0.501750
SG_002652,0.272375
SG_002653,0.521667
SG_002654,0.107750
SG_002657,0.475083
SG_002664,0.398333
SG_002665,0.139958
SG_002666,0.687958
SG_002667,0.716000
SG_002672,0.529042
SG_002673,0.673125
SG_002674,0.705625
SG_002675,0.390750
SG_002680,0.995208
SG_002684,0.895583
SG_002688,0.839542
SG_002689,0.311208
SG_002691,0.114958
SG_002693,0.896417
SG_002699,0.553208
SG_002701,0.700375
SG_002705,0.606375
SG_002720,0.026333
SG_002731,0.508125
SG_002733,0.220083
SG_002735,0.336958
SG_002736,0.694875
SG_002738,0.158917
SG_002742,0.610125
SG_002746,0.137292
SG_002748,0.087042
SG_002752,0.166792
SG_002755,0.308167
SG_002757,0.408458
SG_002759,0.523833
SG_002767,0.465375
SG_002770,0.808917
SG_002773,0.866083
SG_002777,0.920292
SG_002782,0.276583
SG_002783,0.310083
SG_002785,0.373750
SG_002788,0.735000
SG_002789,0.664417
SG_002793,0.403875
SG_002796,0.317667
SG_002798,0.500833
SG_002809,0.738167
SG_002814,0.753542
SG_002820,0.609417
SG_002825,0.543250
SG_002827,0.574417
SG_002829,0.535000
SG_002832,0.605042
SG_002834,0.143292
SG_002840,0.427875
SG_002842,0.516125
SG_002843,0.413250
SG_002849,0.903292
SG_002850,0.203250
SG_002853,0.360667
SG_002875,0.618542
SG_002882,0.881250
SG_002887,0.920208
SG_002891,0.820542
SG_002896,0.208125
SG_002904,0.724208
SG_002906,0.737542
SG_002907,0.563417
SG_002910,0.643083
SG_002918,0.396542
SG_002926,0.347708
SG_002930,0.386042
SG_002932,0.111875
SG_002937,0.507500
SG_002939,0.557958
SG_002943,0.158333
SG_002944,0.334542
SG_002947,0.126875
SG_002949,0.425417
SG_002950,0.129917
SG_002952,0.495167
SG_002954,0.857500
SG_002955,0.782208
SG_002958,0.783292
SG_002960,0.169708
SG_002964,0.682708
SG_002967,0.699708
SG_002972,0.993875
SG_002982,0.862333
SG_002985,0.920042
SG_002989,0.730833
SG_002999,0.346292
SG_003002,0.840917
SG_003008,0.389250
SG_003023,0.114417
SG_003024,0.161583
SG_003026,0.588708
SG_003028,0.794167
SG_003030,0.221208
SG_003031,0.628583
SG_003037,0.096000
SG_003042,0.305375
SG_003043,0.107833
SG_003044,0.834292
SG_003045,0.130583
SG_003048,0.332583
SG_003049,0.223792
SG_003051,0.289042
SG_003052,0.239667
SG_003059,0.923250
SG_003062,0.130000
SG_003065,0.256833
SG_003067,0.083167
SG_003071,0.212458
SG_003072,0.664167
SG_003073,0.383083
SG_003075,0.416500
SG_003080,0.190833
SG_003082,0.329792
SG_003084,0.467917
SG_003085,0.361792
SG_003088,0.711542
SG_003089,0.527583
SG_003096,0.219125
SG_003097,0.747833
SG_003102,0.297333
SG_003105,0.929583
SG_003107,0.054125
SG_003111,0.473875
SG_003116,0.566792
SG_003118,0.261667
SG_003125,0.131042
SG_003127,0.477042
SG_003133,0.944792
SG_003135,0.518583
SG_003137,0.549375
SG_003138,0.270583
SG_003139,0.808917
SG_003141,0.955792
SG_003144,0.892208
SG_003151,0.829333
SG_003154,0.697333
SG_003158,0.952167
SG_003160,0.138125
SG_003164,0.938542
SG_003168,0.250875
SG_003169,0.256542
SG_003174,0.173500
SG_003179,0.880625
SG_003184,0.528917
SG_003186,0.199375
SG_003193,0.430250
SG_003196,0.104875
SG_003198,0.784083
SG_003201,0.520542
SG_003204,0.740042
SG_003205,0.669375
SG_003206,0.160375
SG_003211,0.857667
SG_003214,0.362917
SG_003215,0.410417
SG_003216,0.613500
SG_003217,0.560167
SG_003219,0.198792
SG_003226,0.676833
SG_003227,0.501417
SG_003230,0.738833
SG_003231,0.598500
SG_003232,0.132125
SG_003234,0.267042
SG_003239,0.602583
SG_003241,0.232958
SG_003243,0.448708
SG_003250,0.192917
SG_003253,0.777833
SG_003256,0.231750
SG_003259,0.679000
SG_003266,0.790750
SG_003272,0.860792
SG_003273,0.289667
SG_003281,0.207667
SG_003284,0.446875
SG_003288,0.035458
SG_003293,0.346958
SG_003294,0.823792
SG_003295,0.455458
SG_003296,0.184792
SG_003301,0.428125
SG_003304,0.554083
SG_003305,0.610583
SG_003307,0.908167
SG_003310,0.785208
SG_003314,0.798708
SG_003321,0.123125
SG_003325,0.582750
SG_003328,0.773917
SG_003331,0.468417
SG_003332,0.796792
SG_003333,0.532167
SG_003340,0.588167
SG_003341,0.816500
SG_003342,0.452292
SG_003349,0.714333
SG_003355,0.497958
SG_003357,0.981042
SG_003361,0.135417
SG_003370,0.903250
SG_003371,0.587583
SG_003373,0.550458
SG_003374,0.935917
SG_003379,0.615917
SG_003388,0.172750
SG_003389,0.742375
SG_003390,0.022750
SG_003391,0.896042
SG_003392,0.441208
SG_003393,0.885833
SG_003397,0.096042
SG_003398,0.188417
SG_003399,0.321292
SG_003402,0.518333
SG_003404,0.385208
SG_003407,0.188167
SG_003408,0.553000
SG_003422,0.104042
SG_003426,0.596917
SG_003430,0.395083
SG_003434,0.167833
SG_003437,0.691583
SG_003439,0.587083
SG_003440,0.316625
SG_003441,0.003208
SG_003444,0.661667
SG_003447,0.823583
SG_003452,0.109083
SG_003453,0.978125
SG_003464,0.656583
SG_003469,0.408667
SG_003475,0.589500
SG_003477,0.891875
SG_003479,0.507417
SG_003480,0.514500
SG_003482,0.867583
SG_003483,0.935958
SG_003485,0.367167
SG_003486,0.828875
SG_003489,0.026542
SG_003491,0.155083
SG_003492,0.169750
SG_003493,0.291750
SG_003501,0.721208
SG_003505,0.592792
SG_003509,0.189667
SG_003517,0.437500
SG_003521,0.427917
SG_003526,0.154458
SG_003528,0.322667
SG_003532,0.261208
SG_003535,0.037708
SG_003538,0.521917
SG_003541,0.088458
SG_003545,0.154750
SG_003548,0.401583
SG_003549,0.566208
SG_003554,0.040958
SG_003557,0.855875
SG_003566,0.614375
SG_003568,0.049750
SG_003572,0.560250
SG_003575,0.838292
SG_003578,0.254125
SG_003584,0.463792
SG_003585,0.311583
SG_003588,0.747667
SG_003589,0.461833
SG_003594,0.237417
SG_003597,0.777583
SG_003598,0.603875
SG_003601,0.840167
SG_003603,0.958833
SG_003610,0.588792
SG_003611,0.263500
SG_003613,0.809625
SG_003618,0.166000
SG_003619,0.365833
SG_003620,0.537833
SG_003625,0.887583
SG_003627,0.239000
SG_003628,0.391083
SG_003629,0.291542
SG_003637,0.748333
SG_003648,0.043625
SG_003650,0.260125
SG_003666,0.466208
SG_003668,0.860750
SG_003670,0.211333
SG_003671,0.029458
SG_003689,0.321875
SG_003691,0.229208
SG_003699,0.885792
SG_003702,0.899625
SG_003704,0.152917
SG_003705,0.746750
SG_003706,0.617583
SG_003708,0.114542
SG_003710,0.142083
SG_003711,0.386875
SG_003714,0.485292
SG_003715,0.765333
SG_003722,0.806833
SG_003745,0.621708
SG_003746,0.151542
SG_003751,0.194667
SG_003754,0.731667
SG_003757,0.295208
SG_003758,0.373708
SG_003765,0.135083
SG_003767,0.179625
SG_003768,0.136000
SG_003769,0.317375
SG_003777,0.816792
SG_003783,0.071667
SG_003786,0.352958
SG_003787,0.221167
SG_003788,0.225750
SG_003792,0.222167
SG_003795,0.547083
SG_003806,0.748792
SG_003807,0.819750
SG_003809,0.591833
SG_003810,0.331208
SG_003812,0.889708
SG_003820,0.722917
SG_003822,0.635125
SG_003829,0.604750
SG_003835,0.101208
SG_003843,0.819917
SG_003844,0.515500
SG_003851,0.088750
SG_003852,0.810708
SG_003856,0.244625
SG_003860,0.701167
SG_003863,0.319792
SG_003865,0.363917
SG_003868,0.673583
SG_003869,0.030042
SG_003874,0.283000
SG_003878,0.849833
SG_003880,0.741792
SG_003881,0.645292
SG_003886,0.178792
SG_003896,0.206583
SG_003904,0.686792
SG_003905,0.927542
SG_003906,0.214875
SG_003907,0.280792
SG_003908,0.453167
SG_003910,0.753708
SG_003917,0.400750
SG_003919,0.893958
SG_003920,0.697208
SG_003921,0.226625
SG_003922,0.896208
SG_003925,0.103667
SG_003926,0.345417
SG_003935,0.420917
SG_003937,0.171792
SG_003940,0.381625
SG_003941,0.261083
SG_003945,0.851875
SG_003951,0.960167
SG_003958,0.134750
SG_003959,0.124083
SG_003961,0.916083
SG_003966,0.716417
SG_003967,0.182833
SG_003969,0.543708
SG_003972,0.616083
SG_003977,0.504625
SG_003978,0.203292
SG_003979,0.879000
SG_003988,0.294917
SG_003992,0.935292
SG_003994,0.234542
SG_003995,0.543208
SG_004001,0.626500
SG_004002,0.313000
SG_004011,0.098250
SG_004012,0.381125
SG_004016,0.879292
SG_004019,0.639333
SG_004034,0.469333
SG_004036,0.453875
SG_004041,0.824458
SG_004042,0.664792
SG_004045,0.180333
SG_004048,0.910458
SG_004049,0.073583
SG_004050,0.863000
SG_004054,0.683167
SG_004060,0.533250
SG_004063,0.397750
SG_004064,0.290000
SG_004065,0.820542
SG_004066,0.416667
SG_004071,0.105292
SG_004074,0.159792
SG_004078,0.532292
SG_004079,0.083958
SG_004080,0.593792
SG_004081,0.909125
SG_004083,0.901958
SG_004087,0.417000
SG_004089,0.353500
SG_004091,0.118292
SG_004093,0.702917
SG_004094,0.905125
SG_004100,0.432583
SG_004107,0.344583
SG_004109,0.322375
SG_004110,0.590333
SG_004111,0.700917
SG_004123,0.091250
SG_004126,0.286875
SG_004127,0.036458
SG_004129,0.518333
SG_004130,0.234042
SG_004131,0.694250
SG_004136,0.153083
SG_004140,0.339542
SG_004149,0.062083
SG_004152,0.836458
SG_004155,0.882000
SG_004157,0.209833
SG_004163,0.300792
SG_004164,0.200417
SG_004168,0.529292
SG_004170,0.694250
SG_004171,0.450417
SG_004174,0.376417
SG_004175,0.575083
SG_004178,0.353000
SG_004181,0.782542
SG_004184,0.694583
SG_004186,0.564000
SG_004187,0.837667
SG_004191,0.367167
SG_004192,0.825833
SG_004197,0.675792
SG_004201,0.592667
SG_004204,0.871333
SG_004207,0.813250
SG_004209,0.973958
SG_004214,0.832625
SG_004218,0.346375
SG_004220,0.292708
SG_004223,0.109417
SG_004224,0.550542
SG_004225,0.657000
SG_004228,0.657042
SG_004229,0.203333
SG_004230,0.358333
SG_004235,0.228042
SG_004238,0.647875
SG_004239,0.918208
SG_004244,0.671167
SG_004253,0.820333
SG_004256,0.245542
SG_004257,0.528917
SG_004258,0.441875
SG_004262,0.787833
SG_004263,0.142708
SG_004265,0.248583
SG_004268,0.368125
SG_004269,0.738042
SG_004271,0.152708
SG_004286,0.532125
SG_004289,0.257167
SG_004290,0.430792
SG_004291,0.864625
SG_004297,0.612000
SG_004300,0.681417
SG_004302,0.739958
SG_004305,0.452417
SG_004306,0.391542
SG_004312,0.607542
SG_004313,0.231625
SG_004315,0.870750
SG_004320,0.264000
SG_004321,0.915375
SG_004322,0.370458
SG_004325,0.879250
SG_004326,0.759042
SG_004339,0.362750
SG_004342,0.760583
SG_004347,0.573292
SG_004348,0.734292
SG_004349,0.837167
SG_004350,0.832875
SG_004357,0.084083
SG_004358,0.647083
SG_004359,0.560083
SG_004362,0.514667
SG_004365,0.303583
SG_004368,0.936208
SG_004369,0.632250
SG_004370,0.347708
SG_004378,0.490042
SG_004379,0.469167
SG_004388,0.751750
SG_004390,0.254875
SG_004391,0.185792
SG_004401,0.258542
SG_004404,0.961583
SG_004405,0.547875
SG_004406,0.274708
SG_004408,0.105417
SG_004415,0.557542
SG_004417,0.062833
SG_004419,0.638083
SG_004420,0.971417
SG_004422,0.506917
SG_004423,0.081042
SG_004426,0.176208
SG_004427,0.081292
SG_004429,0.519125
SG_004432,0.283625
SG_004439,0.977667
SG_004445,0.552000
SG_004447,0.597167
SG_004448,0.054583
SG_004451,0.749750
SG_004457,0.387208
SG_004458,0.001708
SG_004460,0.340000
SG_004461,0.740042
SG_004462,0.037458
SG_004464,0.505875
SG_004465,0.398250
SG_004469,0.227875
SG_004474,0.559875
SG_004475,0.164042
SG_004476,0.263667
SG_004477,0.332583
SG_004480,0.699167
SG_004482,0.776917
SG_004484,0.616167
SG_004486,0.159125
SG_004494,0.972500
SG_004504,0.276167
SG_004508,0.510083
SG_004509,0.774917
SG_004511,0.527333
SG_004514,0.767833
SG_004515,0.814458
SG_004518,0.760667
SG_004521,0.047542
SG_004526,0.412833
SG_004530,0.706625
SG_004534,0.623042
SG_004536,0.195917
SG_004538,0.282417
SG_004539,0.787750
SG_004541,0.709667
SG_004549,0.692500
SG_004552,0.436417
SG_004553,0.193500
SG_004556,0.558792
SG_004559,0.166208
SG_004562,0.192792
SG_004565,0.367792
SG_004568,0.386167
SG_004576,0.172542
SG_004577,0.401833
SG_004593,0.967125
SG_004594,0.822625
SG_004600,0.932833
SG_004602,0.702583
SG_004608,0.466208
SG_004609,0.401500
SG_004612,0.237958
SG_004614,0.062542
SG_004617,0.323333
SG_004620,0.047333
SG_004623,0.479500
SG_004626,0.825500
SG_004631,0.939750
SG_004632,0.168333
SG_004633,0.639667
SG_004635,0.319958
SG_004637,0.611958
SG_004638,0.882583
SG_004641,0.948458
SG_004645,0.391083
SG_004652,0.341333
SG_004653,0.484042
SG_004655,0.831083
SG_004656,0.687292
SG_004658,0.385000
SG_004659,0.300000
SG_004662,0.472083
SG_004664,0.328792
SG_004668,0.585208
SG_004669,0.372667
SG_004672,0.816792
SG_004676,0.622292
SG_004682,0.366417
SG_004685,0.875792
SG_004689,0.238458
SG_004695,0.346333
SG_004697,0.427708
SG_004700,0.663083
SG_004701,0.884083
SG_004709,0.539792
SG_004710,0.169708
SG_004712,0.279083
SG_004716,0.729000
SG_004720,0.193250
SG_004721,0.089042
SG_004723,0.274833
SG_004731,0.845833
SG_004736,0.691458
SG_004737,0.270333
SG_004738,0.073458
SG_004739,0.931875
SG_004742,0.684375
SG_004751,0.883625
SG_004753,0.022000
SG_004755,0.647125
SG_004757,0.421333
SG_004760,0.180667
SG_004761,0.115875
SG_004762,0.142167
SG_004763,0.771042
SG_004764,0.915333
SG_004766,0.802542
SG_004769,0.277958
SG_004772,0.235208
SG_004773,0.429958
SG_004782,0.274875
SG_004784,0.756667
SG_004786,0.922292
SG_004787,0.140167
SG_004789,0.015583
SG_004797,0.473042
SG_004798,0.191250
SG_004799,0.781125
SG_004801,0.871208
SG_004804,0.906542
SG_004813,0.301792
SG_004816,0.956208
SG_004817,0.066208
SG_004818,0.583083
SG_004821,0.473250
SG_004827,0.741750
SG_004828,0.595708
SG_004829,0.531583
SG_004830,0.857708
SG_004831,0.672500
SG_004836,0.154667
SG_004840,0.234000
SG_004842,0.445000
SG_004844,0.281917
SG_004846,0.898833
SG_004853,0.348833
SG_004855,0.945208
SG_004856,0.237667
SG_004866,0.121125
SG_004867,0.042750
SG_004868,0.985333
SG_004873,0.581167
SG_004877,0.575375
SG_004881,0.509250
SG_004882,0.700458
SG_004887,0.696458
SG_004898,0.967583
SG_004900,0.759667
SG_004906,0.882958
SG_004907,0.373458
SG_004912,0.828375
SG_004913,0.085792
SG_004919,0.259208
SG_004922,0.428792
SG_004923,0.618458
SG_004925,0.592958
SG_004927,0.324208
SG_004929,0.903625
SG_004930,0.729500
SG_004939,0.630417
SG_004942,0.065125
SG_004944,0.348333
SG_004945,0.231542
SG_004959,0.273833
SG_004960,0.681375
SG_004964,0.252625
SG_004968,0.925500
SG_004969,0.595292
SG_004973,0.963333
SG_004975,0.686042
SG_004981,0.763417
SG_004985,0.732417
SG_004988,0.766250
SG_004990,0.302333
SG_004993,0.259583
SG_004997,0.106458
SG_005000,0.226667
SG_005002,0.816958
SG_005004,0.913167
SG_005011,0.642750
SG_005013,0.174250
SG_005018,0.154708
SG_005019,0.384917
SG_005020,0.318208
SG_005022,0.235208
SG_005027,0.480833
SG_005029,0.128542
SG_005030,0.130417
SG_005031,0.231042
SG_005033,0.047292
SG_005037,0.125833
SG_005041,0.224917
SG_005048,0.557583
SG_005049,0.510667
SG_005052,0.424417
SG_005057,0.440583
SG_005058,0.437792
SG_005062,0.879208
SG_005080,0.417667
SG_005085,0.270542
SG_005086,0.747167
SG_005089,0.862000
SG_005090,0.089250
SG_005091,0.912875
SG_005094,0.537167
SG_005097,0.775208
SG_005098,0.376167
SG_005100,0.612625
SG_005101,0.782833
SG_005102,0.766250
SG_005108,0.944458
SG_005110,0.940208
SG_005114,0.297125
SG_005120,0.259333
SG_005122,0.508833
SG_005123,0.585125
SG_005126,0.938625
SG_005131,0.052875
SG_005132,0.065250
SG_005134,0.208000
SG_005137,0.207125
SG_005140,0.541750
SG_005141,0.591208
SG_005142,0.742250
SG_005143,0.134042
SG_005148,0.602833
SG_005161,0.460583
SG_005168,0.878083
SG_005170,0.142917
SG_005171,0.439750
SG_005174,0.362167
SG_005175,0.253708
SG_005178,0.681292
SG_005179,0.173833
SG_005188,0.887958
SG_005190,0.895042
SG_005191,0.248083
SG_005194,0.685083
SG_005196,0.263917
SG_005199,0.326208
SG_005200,0.097958
SG_005203,0.504917
SG_005205,0.764333
SG_005213,0.219542
SG_005214,0.663958
SG_005216,0.951792
SG_005220,0.247625
SG_005224,0.110458
SG_005228,0.681208
SG_005233,0.346333
SG_005235,0.680208
SG_005240,0.062833
SG_005241,0.822750
SG_005246,0.747833
SG_005247,0.285250
SG_005248,0.460667
SG_005250,0.724000
SG_005251,0.675375
SG_005253,0.185708
SG_005255,0.250875
SG_005264,0.663250
SG_005268,0.112625
SG_005270,0.530667
SG_005277,0.793792
SG_005282,0.088250
SG_005283,0.787167
SG_005284,0.493792
SG_005287,0.856750
SG_005289,0.482208
SG_005291,0.741708
SG_005292,0.271375
SG_005296,0.068167
SG_005302,0.599708
SG_005305,0.751375
SG_005311,0.465667
SG_005312,0.592875
SG_005313,0.415542
SG_005316,0.369208
SG_005320,0.787292
SG_005321,0.901500
SG_005322,0.852208
SG_005323,0.836958
SG_005325,0.617917
SG_005328,0.556792
SG_005329,0.466583
SG_005332,0.858417
SG_005333,0.879792
SG_005335,0.274208
SG_005340,0.455333
SG_005341,0.307042
SG_005346,0.293708
SG_005350,0.912625
SG_005351,0.186958
SG_005353,0.170708
SG_005356,0.129125
SG_005360,0.759000
SG_005362,0.640750
SG_005363,0.244250
SG_005365,0.875500
SG_005371,0.243708
SG_005372,0.355958
SG_005376,0.668750
SG_005378,0.576500
SG_005379,0.120833
SG_005380,0.968375
SG_005384,0.929208
SG_005386,0.586167
SG_005387,0.935542
SG_005397,0.611417
SG_005401,0.781375
SG_005408,0.741833
SG_005412,0.193708
SG_005414,0.816333
SG_005421,0.747958
SG_005424,0.115208
SG_005428,0.688833
SG_005432,0.458042
SG_005439,0.929125
SG_005444,0.279833
SG_005445,0.871500
SG_005446,0.162292
SG_005447,0.953958
SG_005449,0.444958
SG_005450,0.435250
SG_005451,0.550875
SG_005452,0.290417
SG_005456,0.692333
SG_005457,0.207958
SG_005459,0.006375
SG_005460,0.176792
SG_005465,0.904417
SG_005466,0.795167
SG_005470,0.598875
SG_005473,0.783667
SG_005477,0.770958
SG_005486,0.311208
SG_005489,0.344958
SG_005491,0.976917
SG_005496,0.458458
SG_005497,0.787833
SG_005499,0.159542
SG_005503,0.570583
SG_005504,0.336750
SG_005506,0.314542
SG_005510,0.274000
SG_005511,0.867917
SG_005515,0.275167
SG_005518,0.888167
SG_005519,0.904917
SG_005524,0.768750
SG_005529,0.616875
SG_005530,0.547875
SG_005531,0.575167
SG_005532,0.096667
SG_005534,0.300250
SG_005535,0.700667
SG_005541,0.514833
SG_005542,0.551000
SG_005550,0.079875
SG_005555,0.331708
SG_005557,0.254958
SG_005565,0.253417
SG_005569,0.291458
SG_005572,0.115875
SG_005575,0.139167
SG_005579,0.992417
SG_005580,0.666583
SG_005583,0.221833
SG_005591,0.830125
SG_005592,0.217875
SG_005593,0.704583
SG_005594,0.567000
SG_005599,0.751167
SG_005603,0.913958
SG_005606,0.268042
SG_005611,0.343042
SG_005615,0.979000
SG_005622,0.760042
SG_005625,0.579917
SG_005630,0.252917
SG_005634,0.639167
SG_005635,0.534875
SG_005636,0.901167
SG_005638,0.687042
SG_005640,0.424458
SG_005643,0.302917
SG_005644,0.283042
SG_005645,0.401458
SG_005650,0.823958
SG_005654,0.923333
SG_005655,0.100292
SG_005656,0.723167
SG_005661,0.952667
SG_005664,0.168500
SG_005666,0.798167
SG_005671,0.414167
SG_005681,0.386208
SG_005683,0.902750
SG_005687,0.654208
SG_005688,0.752000
SG_005691,0.635375
SG_005692,0.643000
SG_005693,0.458792
SG_005694,0.927208
SG_005696,0.700375
SG_005703,0.327208
SG_005704,0.463375
SG_005706,0.555250
SG_005707,0.931917
SG_005713,0.408917
SG_005715,0.335083
SG_005719,0.263292
SG_005722,0.076833
SG_005724,0.785750
SG_005725,0.518500
SG_005726,0.125417
SG_005730,0.857458
SG_005735,0.249083
SG_005736,0.771458
SG_005740,0.368542
SG_005748,0.844125
SG_005750,0.353750
SG_005753,0.793083
SG_005758,0.063833
SG_005759,0.296000
SG_005764,0.202500
SG_005765,0.048625
SG_005772,0.648125
SG_005773,0.093750
SG_005776,0.257708
SG_005778,0.713417
SG_005784,0.377250
SG_005786,0.395875
SG_005789,0.493750
SG_005794,0.742292
SG_005796,0.220792
SG_005801,0.218708
SG_005807,0.023833
SG_005809,0.306042
SG_005811,0.714625
SG_005813,0.075000
SG_005814,0.742167
SG_005817,0.203167
SG_005818,0.202208
SG_005820,0.218250
SG_005821,0.479750
SG_005824,0.197750
SG_005825,0.203208
SG_005827,0.328333
SG_005828,0.744500
SG_005830,0.490125
SG_005838,0.936542
SG_005840,0.809625
SG_005842,0.653292
SG_005846,0.164958
SG_005847,0.074000
SG_005848,0.370250
SG_005857,0.932083
SG_005861,0.361042
SG_005862,0.753792
SG_005871,0.553250
SG_005872,0.810417
SG_005873,0.145417
SG_005874,0.599000
SG_005875,0.596375
SG_005877,0.215583
SG_005880,0.079792
SG_005884,0.373083
SG_005892,0.774750
SG_005894,0.459792
SG_005898,0.673750
SG_005899,0.662875
SG_005905,0.666792
SG_005909,0.098833
SG_005910,0.553167
SG_005920,0.860625
SG_005921,0.965333
SG_005922,0.482292
SG_005925,0.739417
SG_005928,0.561500
SG_005932,0.112708
SG_005934,0.581000
SG_005935,0.202750
SG_005937,0.567042
SG_005939,0.382458
SG_005943,0.528000
SG_005951,0.196792
SG_005955,0.770833
SG_005959,0.950792
SG_005966,0.371042
SG_005967,0.954792
SG_005969,0.853000
SG_005976,0.767250
SG_005977,0.511042
SG_005979,0.814458
SG_005980,0.605583
SG_005985,0.842208
SG_005986,0.865292
SG_005991,0.984167
SG_005999,0.148417
SG_006000,0.602792
SG_006004,0.668417
SG_006009,0.891458
SG_006012,0.378875
SG_006013,0.252000
SG_006022,0.362792
SG_006023,0.593375
SG_006026,0.577417
SG_006028,0.490333
SG_006029,0.767250
SG_006033,0.655792
SG_006035,0.152167
SG_006036,0.473458
SG_006038,0.830292
SG_006039,0.845750
SG_006041,0.424625
SG_006047,0.309625
SG_006049,0.448167
SG_006050,0.728833
SG_006054,0.047250
SG_006063,0.440958
SG_006067,0.920583
SG_006069,0.904708
SG_006073,0.202083
SG_006074,0.122500
SG_006075,0.057417
SG_006076,0.616958
SG_006077,0.949542
SG_006079,0.843083
SG_006081,0.245125
SG_006086,0.322208
SG_006092,0.295875
SG_006095,0.588458
SG_006097,0.552750
SG_006099,0.819583
SG_006101,0.591958
SG_006112,0.876708
SG_006122,0.677375
SG_006127,0.750417
SG_006131,0.093000
SG_006133,0.623250
SG_006136,0.348333
SG_006137,0.833417
SG_006140,0.704583
SG_006143,0.302625
SG_006148,0.103458
SG_006150,0.642750
SG_006151,0.629708
SG_006154,0.022500
SG_006161,0.275417
SG_006163,0.472583
SG_006169,0.410875
SG_006170,0.437333
SG_006179,0.437667
SG_006181,0.446375
SG_006184,0.202458
SG_006187,0.045083
SG_006189,0.748917
SG_006197,0.187833
SG_006202,0.222333
SG_006206,0.520667
SG_006212,0.609875
SG_006213,0.670625
SG_006218,0.448625
SG_006222,0.557208
SG_006224,0.341458
SG_006225,0.848083
SG_006226,0.865958
SG_006229,0.143167
SG_006237,0.736375
SG_006238,0.088583
SG_006240,0.087958
SG_006241,0.090333
SG_006242,0.379167
SG_006244,0.563250
SG_006245,0.216875
SG_006247,0.383667
SG_006250,0.085833
SG_006251,0.616917
SG_006252,0.806000
SG_006254,0.700208
SG_006256,0.837583
SG_006260,0.667542
SG_006262,0.780083
SG_006263,0.566167
SG_006264,0.121583
SG_006266,0.919167
SG_006269,0.869792
SG_006275,0.943042
SG_006277,0.217583
SG_006283,0.392083
SG_006284,0.240208
SG_006287,0.620542
SG_006288,0.566625
SG_006300,0.472500
SG_006301,0.221625
SG_006304,0.207250
SG_006306,0.444125
SG_006313,0.455000
SG_006315,0.606167
SG_006317,0.630833
SG_006320,0.751625
SG_006322,0.965500
SG_006326,0.230917
SG_006328,0.677042
SG_006331,0.334042
SG_006337,0.680542
SG_006340,0.373000
SG_006345,0.754667
SG_006348,0.139333
SG_006349,0.199917
SG_006356,0.653542
SG_006357,0.216500
SG_006358,0.503667
SG_006360,0.877500
SG_006371,0.403625
SG_006373,0.687625
SG_006380,0.546917
SG_006382,0.156083
SG_006388,0.037792
SG_006393,0.443583
SG_006394,0.184417
SG_006396,0.062458
SG_006398,0.294708
SG_006400,0.527708
SG_006403,0.126750
SG_006404,0.230125
SG_006411,0.609083
SG_006417,0.717583
SG_006418,0.695250
SG_006420,0.803333
SG_006421,0.182042
SG_006423,0.186417
SG_006424,0.270500
SG_006429,0.755167
SG_006435,0.238083
SG_006438,0.316208
SG_006439,0.688750
SG_006441,0.219958
SG_006445,0.237583
SG_006446,0.226833
SG_006448,0.884042
SG_006451,0.219667
SG_006452,0.770292
SG_006455,0.745750
SG_006463,0.662375
SG_006467,0.322875
SG_006469,0.642500
SG_006470,0.495917
SG_006477,0.203750
SG_006480,0.779583
SG_006486,0.079000
SG_006487,0.158667
SG_006488,0.752833
SG_006490,0.845750
SG_006491,0.472750
SG_006493,0.196083
SG_006494,0.585375
SG_006496,0.142375
SG_006497,0.788250
SG_006498,0.704917
SG_006500,0.849583
SG_006502,0.052458
SG_006503,0.779292
SG_006505,0.787458
SG_006506,0.750542
SG_006507,0.187250
SG_006512,0.102958
SG_006516,0.459625
SG_006520,0.246125
SG_006522,0.150458
SG_006528,0.682792
SG_006534,0.373542
SG_006535,0.371583
SG_006536,0.103625
SG_006537,0.623417
SG_006539,0.703250
SG_006541,0.316292
SG_006543,0.858000
SG_006545,0.774583
SG_006548,0.282792
SG_006550,0.106375
SG_006551,0.015875
SG_006557,0.508917
SG_006560,0.138375
SG_006564,0.927583
SG_006566,0.424917
SG_006567,0.368500
SG_006577,0.326833
SG_006579,0.308792
SG_006581,0.103042
SG_006588,0.483833
SG_006592,0.808833
SG_006597,0.080125
SG_006601,0.174083
SG_006607,0.016000
SG_006608,0.442750
SG_006610,0.137042
SG_006615,0.444583
SG_006616,0.449500
SG_006620,0.534833
SG_006622,0.197042
SG_006623,0.560542
SG_006624,0.222083
SG_006626,0.581958
SG_006627,0.763917
SG_006633,0.368083
SG_006637,0.565750
SG_006638,0.399667
SG_006639,0.643917
SG_006644,0.729042
SG_006645,0.651750
SG_006651,0.643750
SG_006659,0.299500
SG_006664,0.360125
SG_006668,0.170750
SG_006673,0.149125
SG_006687,0.409417
SG_006688,0.912000
SG_006690,0.604708
SG_006693,0.798167
SG_006698,0.021958
SG_006700,0.478125
SG_006706,0.169750
SG_006710,0.264625
SG_006713,0.261292
SG_006716,0.766875
SG_006728,0.202083
SG_006734,0.606875
SG_006736,0.835333
SG_006744,0.239417
SG_006745,0.501958
SG_006749,0.293375
SG_006758,0.531000
SG_006760,0.461792
SG_006765,0.597542
SG_006766,0.871167
SG_006769,0.874542
SG_006778,0.617250
SG_006780,0.304875
SG_006781,0.433833
SG_006786,0.524458
SG_006789,0.592458
SG_006792,0.543708
SG_006793,0.089083
SG_006800,0.841250
SG_006802,0.656333
SG_006808,0.484125
SG_006820,0.379042
SG_006833,0.330417
SG_006835,0.367875
SG_006837,0.601333
SG_006841,0.345458
SG_006847,0.627042
SG_006848,0.184292
SG_006851,0.424708
SG_006852,0.816958
SG_006860,0.414375
SG_006861,0.218875
SG_006863,0.217042
SG_006866,0.651042
SG_006868,0.772000
SG_006874,0.151125
SG_006877,0.328125
SG_006879,0.413125
SG_006880,0.260875
SG_006881,0.435375
SG_006889,0.024625
SG_006890,0.728750
SG_006897,0.932875
SG_006901,0.382958
SG_006908,0.319208
SG_006910,0.136125
SG_006914,0.855292
SG_006918,0.309417
SG_006924,0.289917
SG_006925,0.521958
SG_006927,0.223583
SG_006929,0.306750
SG_006937,0.480500
SG_006938,0.333667
SG_006940,0.675583
SG_006942,0.208208
SG_006945,0.095375
SG_006949,0.788083
SG_006950,0.850750
SG_006951,0.579542
SG_006953,0.132833
SG_006954,0.306542
SG_006956,0.723042
SG_006957,0.807667
SG_006962,0.424042
SG_006963,0.151208
SG_006964,0.215208
SG_006966,0.008500
SG_006970,0.542458
SG_006971,0.733125
SG_006972,0.311000
SG_006974,0.986750
SG_006977,0.568917
SG_006978,0.282708
SG_006981,0.859292
SG_006982,0.847167
SG_006983,0.048792
SG_006984,0.236208
SG_006987,0.717000
SG_006994,0.325125
SG_006997,0.124958
SG_007002,0.735458
SG_007005,0.923917
SG_007009,0.562792
SG_007011,0.669167
SG_007017,0.094167
SG_007018,0.035583
SG_007019,0.229208
SG_007029,0.859083
SG_007030,0.166250
SG_007033,0.270375
SG_007040,0.438500
SG_007047,0.814125
SG_007054,0.168250
SG_007055,0.942458
SG_007056,0.582333
SG_007061,0.203375
SG_007062,0.423917
SG_007067,0.673542
SG_007068,0.618458
SG_007069,0.907042
SG_007073,0.035500
SG_007075,0.572667
SG_007076,0.153417
SG_007078,0.671375
SG_007080,0.347750
SG_007091,0.649583
SG_007095,0.658083
SG_007100,0.710333
SG_007104,0.670250
SG_007112,0.416208
SG_007114,0.287958
SG_007127,0.222167
SG_007130,0.237792
SG_007133,0.687458
SG_007136,0.370667
SG_007138,0.822208
SG_007139,0.441875
SG_007143,0.449250
SG_007146,0.399750
SG_007150,0.595667
SG_007155,0.409125
SG_007157,0.608000
SG_007160,0.677250
SG_007162,0.384417
SG_007163,0.411833
SG_007166,0.444333
SG_007168,0.164292
SG_007170,0.590458
SG_007179,0.227042
SG_007181,0.211833
SG_007183,0.804292
SG_007186,0.039667
SG_007202,0.434125
SG_007203,0.803417
SG_007204,0.321125
SG_007205,0.850583
SG_007210,0.924292
SG_007212,0.754833
SG_007215,0.020875
SG_007218,0.724500
SG_007226,0.134458
SG_007229,0.156625
SG_007231,0.418000
SG_007234,0.383167
SG_007237,0.971250
SG_007239,0.394792
SG_007240,0.640042
SG_007249,0.736875
SG_007252,0.059875
SG_007255,0.145208
SG_007256,0.603083
SG_007257,0.717625
SG_007263,0.713417
SG_007264,0.248125
SG_007265,0.528875
SG_007268,0.467875
SG_007271,0.525042
SG_007275,0.608917
SG_007280,0.463667
SG_007281,0.763125
SG_007282,0.820667
SG_007283,0.145125
SG_007287,0.276542
SG_007288,0.861542
SG_007301,0.907833
SG_007307,0.344875
SG_007310,0.270375
SG_007312,0.559250
SG_007314,0.792708
SG_007319,0.304833
SG_007326,0.185000
SG_007331,0.179333
SG_007333,0.922292
SG_007334,0.658375
SG_007338,0.149208
SG_007340,0.725125
SG_007345,0.104958
SG_007349,0.713208
SG_007356,0.229208
SG_007358,0.031125
SG_007368,0.154292
SG_007370,0.163625
SG_007371,0.803083
SG_007372,0.450250
SG_007375,0.327250
SG_007378,0.214792
SG_007379,0.170542
SG_007380,0.766375
SG_007383,0.205458
SG_007384,0.608292
SG_007389,0.519417
SG_007390,0.242208
SG_007401,0.964500
SG_007403,0.314917
SG_007406,0.413792
SG_007409,0.947417
SG_007410,0.844208
SG_007413,0.677542
SG_007416,0.869958
SG_007419,0.660542
SG_007420,0.875417
SG_007423,0.644417
SG_007424,0.957875
SG_007428,0.740125
SG_007433,0.375917
SG_007434,0.035583
SG_007437,0.431583
SG_007441,0.850833
SG_007443,0.673250
SG_007450,0.177458
SG_007452,0.513792
SG_007455,0.565000
SG_007462,0.311750
SG_007464,0.733333
SG_007466,0.139333
SG_007469,0.157167
SG_007470,0.985708
SG_007472,0.077708
SG_007476,0.860208
SG_007486,0.950792
SG_007489,0.725667
SG_007490,0.473125
SG_007495,0.984500
SG_007499,0.868083
SG_007506,0.085750
SG_007508,0.690917
SG_007509,0.034500
SG_007517,0.438375
SG_007518,0.935375
SG_007522,0.818500
SG_007524,0.783083
SG_007527,0.112542
SG_007535,0.231625
SG_007540,0.878958
SG_007546,0.621333
SG_007552,0.469833
SG_007553,0.628917
SG_007557,0.332500
SG_007558,0.933958
SG_007560,0.828500
SG_007568,0.080500
SG_007571,0.933417
SG_007573,0.276083
SG_007577,0.142042
SG_007578,0.543708
SG_007579,0.029125
SG_007582,0.922500
SG_007586,0.062375
SG_007587,0.617542
SG_007589,0.159167
SG_007591,0.212417
SG_007595,0.375625
SG_007597,0.349708
SG_007599,0.254250
SG_007602,0.689708
SG_007605,0.126708
SG_007609,0.129792
SG_007614,0.820250
SG_007620,0.331958
SG_007628,0.862208
SG_007630,0.356833
SG_007646,0.660667
SG_007648,0.297625
SG_007654,0.221750
SG_007655,0.498083
SG_007656,0.981625
SG_007657,0.734042
SG_007658,0.350208
SG_007659,0.856833
SG_007660,0.312208
SG_007663,0.201042
SG_007665,0.856083
SG_007667,0.416958
SG_007670,0.636250
SG_007678,0.284208
SG_007679,0.975208
SG_007681,0.095625
SG_007685,0.361417
SG_007686,0.500625
SG_007687,0.508625
SG_007688,0.354250
SG_007691,0.237000
SG_007696,0.428167
SG_007698,0.253542
SG_007700,0.680833
SG_007703,0.122542
SG_007704,0.555583
SG_007706,0.401917
SG_007711,0.482333
SG_007712,0.536292
SG_007714,0.162083
SG_007717,0.481417
SG_007719,0.183000
SG_007720,0.233917
SG_007721,0.755375
SG_007728,0.344375
SG_007737,0.909708
SG_007741,0.092000
SG_007742,0.266625
SG_007744,0.441875
SG_007746,0.931375
SG_007748,0.161833
SG_007750,0.032083
SG_007751,0.080917
SG_007752,0.195375
SG_007758,0.800542
SG_007760,0.610583
SG_007762,0.900417
SG_007770,0.434042
SG_007772,0.630917
SG_007776,0.070333
SG_007780,0.814000
SG_007781,0.630250
SG_007782,0.083292
SG_007787,0.775375
SG_007800,0.883583
SG_007801,0.339083
SG_007804,0.184958
SG_007805,0.757375
SG_007807,0.371208
SG_007808,0.876167
SG_007813,0.402750
SG_007815,0.078125
SG_007817,0.404583
SG_007818,0.783375
SG_007820,0.429167
SG_007822,0.501667
SG_007823,0.371958
SG_007824,0.453333
SG_007834,0.394667
SG_007836,0.202875
SG_007839,0.093667
SG_007842,0.037500
SG_007844,0.617625
SG_007846,0.106458
SG_007849,0.322833
SG_007858,0.733500
SG_007864,0.886333
SG_007866,0.331458
SG_007875,0.908000
SG_007876,0.693625
SG_007880,0.771583
SG_007884,0.612542
SG_007889,0.885250
SG_007892,0.641417
SG_007897,0.362583
SG_007898,0.589917
SG_007899,0.283542
SG_007901,0.777000
SG_007908,0.973292
SG_007910,0.531542
SG_007922,0.490292
SG_007923,0.368125
SG_007926,0.804042
SG_007931,0.709250
SG_007933,0.520458
SG_007939,0.786542
SG_007940,0.258708
SG_007946,0.180667
SG_007947,0.332875
SG_007948,0.816042
SG_007954,0.120833
SG_007957,0.051167
SG_007960,0.479167
SG_007964,0.377000
SG_007965,0.561042
SG_007980,0.885958
SG_007985,0.400708
SG_007992,0.298708
SG_007996,0.500417
SG_007998,0.305292
SG_007999,0.180208
SG_008014,0.091167
SG_008015,0.109167
SG_008020,0.567958
SG_008026,0.416292
SG_008033,0.245708
SG_008043,0.497917
SG_008050,0.510792
SG_008055,0.510083
SG_008056,0.873000
SG_008058,0.831583
SG_008067,0.551375
SG_008074,0.774542
SG_008076,0.328000
SG_008081,0.582292
SG_008091,0.175458
SG_008099,0.307583
SG_008100,0.134458
SG_008101,0.297833
SG_008104,0.508542
SG_008115,0.847833
SG_008117,0.217375
SG_008118,0.751292
SG_008127,0.557333
SG_008131,0.751958
SG_008133,0.599833
SG_008137,0.723833
SG_008140,0.804083
SG_008141,0.839958
SG_008145,0.096958
SG_008152,0.098500
SG_008156,0.509750
SG_008160,0.171875
SG_008164,0.759375
SG_008167,0.861167
SG_008175,0.312125
SG_008176,0.921250
SG_008183,0.822750
SG_008188,0.617250
SG_008191,0.131667
SG_008192,0.216833
SG_008193,0.190083
SG_008195,0.816417
SG_008202,0.505000
SG_008213,0.734542
SG_008217,0.859917
SG_008224,0.338167
SG_008228,0.735667
SG_008229,0.150750
SG_008237,0.134375
SG_008242,0.046000
SG_008246,0.744167
SG_008248,0.378000
SG_008249,0.773708
SG_008253,0.762583
SG_008257,0.514250
SG_008261,0.690583
SG_008264,0.902542
SG_008265,0.539375
SG_008281,0.309917
SG_008283,0.493917
SG_008287,0.124792
SG_008291,0.903708
SG_008293,0.462167
SG_008294,0.257958
SG_008296,0.690000
SG_008298,0.578583
SG_008309,0.622167
SG_008310,0.167875
SG_008312,0.226458
SG_008316,0.514750
SG_008317,0.032042
SG_008318,0.455917
SG_008327,0.066167
SG_008330,0.298750
SG_008333,0.015750
SG_008336,0.495208
SG_008345,0.046750
SG_008347,0.139833
SG_008355,0.678833
SG_008358,0.331208
SG_008359,0.822833
SG_008360,0.433500
SG_008361,0.226167
SG_008362,0.834625
SG_008365,0.465583
SG_008366,0.751625
SG_008375,0.255417
SG_008376,0.747250
SG_008382,0.402292
SG_008383,0.824250
SG_008388,0.695458
SG_008389,0.873417
SG_008392,0.480500
SG_008396,0.181875
SG_008402,0.454667
SG_008410,0.470917
SG_008413,0.630125
SG_008417,0.624042
SG_008420,0.718375
SG_008422,0.418500
SG_008435,0.763833
SG_008440,0.069833
SG_008441,0.748000
SG_008442,0.226500
SG_008443,0.147250
SG_008444,0.308042
SG_008449,0.661833
SG_008452,0.553792
SG_008457,0.863542
SG_008459,0.365792
SG_008462,0.491458
SG_008467,0.812708
SG_008468,0.753083
SG_008478,0.136042
SG_008482,0.837625
SG_008484,0.967833
SG_008485,0.205250
SG_008494,0.805917
SG_008497,0.275417
SG_008498,0.238042
SG_008500,0.751958
SG_008501,0.702458
SG_008504,0.327208
SG_008506,0.602417
SG_008512,0.851083
SG_008514,0.977875
SG_008517,0.602500
SG_008522,0.671583
SG_008527,0.280583
SG_008529,0.660125
SG_008531,0.064917
SG_008534,0.997167
SG_008535,0.749583
SG_008536,0.247458
SG_008538,0.617000
SG_008541,0.214125
SG_008542,0.632042
SG_008545,0.954792
SG_008547,0.363042
SG_008549,0.649667
SG_008550,0.674292
SG_008551,0.502542
SG_008553,0.242333
SG_008555,0.366958
SG_008557,0.652250
SG_008561,0.199042
SG_008564,0.308583
SG_008565,0.810250
SG_008568,0.390000
SG_008569,0.289583
SG_008570,0.543000
SG_008572,0.339417
SG_008574,0.481708
SG_008575,0.926792
SG_008576,0.040792
SG_008577,0.599250
SG_008580,0.136167
SG_008586,0.597542
SG_008594,0.658000
SG_008598,0.169500
SG_008600,0.957542
SG_008614,0.469542
SG_008615,0.697125
SG_008617,0.318125
SG_008624,0.838458
SG_008630,0.502875
SG_008635,0.333042
SG_008636,0.107125
SG_008639,0.865500
SG_008645,0.332958
SG_008646,0.330417
SG_008650,0.859292
SG_008653,0.961917
SG_008669,0.844417
SG_008671,0.758208
SG_008689,0.854958
SG_008691,0.859083
SG_008693,0.573417
SG_008708,0.216625
SG_008714,0.828542
SG_008726,0.603458
SG_008727,0.855542
SG_008729,0.468083
SG_008734,0.645375
SG_008735,0.900375
SG_008737,0.946542
SG_008739,0.093583
SG_008745,0.872667
SG_008749,0.281000
SG_008755,0.391792
SG_008759,0.483125
SG_008766,0.377208
SG_008769,0.538417
SG_008770,0.565583
SG_008771,0.116542
SG_008773,0.715458
SG_008774,0.824167
SG_008776,0.135708
SG_008777,0.485500
SG_008780,0.391042
SG_008782,0.449000
SG_008784,0.645750
SG_008785,0.246167
SG_008787,0.405917
SG_008789,0.525375
SG_008793,0.705000
SG_008798,0.181667
SG_008810,0.870167
SG_008816,0.914875
SG_008823,0.723333
SG_008824,0.280125
SG_008825,0.386250
SG_008828,0.797292
SG_008836,0.221083
SG_008839,0.494458
SG_008840,0.084708
SG_008841,0.368708
SG_008843,0.679583
SG_008844,0.610833
SG_008845,0.501333
SG_008849,0.285958
SG_008850,0.742917
SG_008853,0.916833
SG_008855,0.586792
SG_008859,0.466750
SG_008862,0.299125
SG_008864,0.360500
SG_008865,0.227208
SG_008866,0.150042
SG_008867,0.948958
SG_008869,0.882958
SG_008876,0.513542
SG_008881,0.669292
SG_008883,0.113958
SG_008888,0.155083
SG_008889,0.922500
SG_008895,0.313000
SG_008897,0.278292
SG_008901,0.401625
SG_008905,0.059417
SG_008907,0.122375
SG_008908,0.071000
SG_008910,0.648375
SG_008913,0.770375
SG_008914,0.211792
SG_008917,0.408708
SG_008919,0.362458
SG_008920,0.754500
SG_008925,0.561333
SG_008926,0.281333
SG_008927,0.135708
SG_008930,0.481042
SG_008932,0.270167
SG_008934,0.632625
SG_008937,0.253333
SG_008940,0.207458
SG_008943,0.581792
SG_008947,0.144208
SG_008955,0.222458
SG_008960,0.899750
SG_008962,0.028583
SG_008964,0.410458
SG_008965,0.129833
SG_008966,0.144292
SG_008971,0.300125
SG_008972,0.065667
SG_008976,0.565542
SG_008978,0.127417
SG_008983,0.105000
SG_008989,0.983750
SG_008990,0.410875
SG_008994,0.678958
SG_008996,0.833208
SG_008998,0.183125
SG_008999,0.116625
SG_009001,0.502792
SG_009005,0.554292
SG_009006,0.270625
SG_009011,0.643875
SG_009017,0.189167
SG_009018,0.415958
SG_009032,0.231708
SG_009034,0.224292
SG_009043,0.733250
SG_009047,0.247958
SG_009048,0.736125
SG_009053,0.282708
SG_009055,0.649833
SG_009058,0.387542
SG_009063,0.937125
SG_009064,0.714167
SG_009065,0.952083
SG_009069,0.263542
SG_009070,0.475333
SG_009072,0.234417
SG_009075,0.594208
SG_009079,0.467833
SG_009080,0.548042
SG_009081,0.505375
SG_009083,0.229208
SG_009085,0.281625
SG_009091,0.787417
SG_009093,0.371625
SG_009100,0.063125
SG_009109,0.532958
SG_009115,0.487458
SG_009119,0.610208
SG_009120,0.614125
SG_009123,0.751417
SG_009124,0.516833
SG_009127,0.142250
SG_009128,0.203875
SG_009135,0.897958
SG_009136,0.965417
SG_009139,0.522417
SG_009146,0.879917
SG_009147,0.897958
SG_009149,0.073542
SG_009150,0.741542
SG_009152,0.853292
SG_009153,0.611250
SG_009159,0.532750
SG_009168,0.861375
SG_009169,0.745458
SG_009170,0.246458
SG_009172,0.126500
SG_009176,0.155500
SG_009179,0.828417
SG_009183,0.718750
SG_009193,0.752167
SG_009196,0.336125
SG_009199,0.287958
SG_009202,0.649625
SG_009203,0.166833
SG_009204,0.134542
SG_009206,0.184708
SG_009207,0.861125
SG_009209,0.473625
SG_009210,0.824958
SG_009214,0.270000
SG_009220,0.676667
SG_009223,0.472750
SG_009224,0.608292
SG_009225,0.129208
SG_009226,0.939500
SG_009229,0.315750
SG_009230,0.497000
SG_009236,0.461875
SG_009242,0.470583
SG_009246,0.880708
SG_009250,0.451458
SG_009253,0.687500
SG_009266,0.939000
SG_009268,0.709542
SG_009272,0.784083
SG_009273,0.192125
SG_009274,0.649417
SG_009277,0.697375
SG_009278,0.328208
SG_009279,0.137167
SG_009280,0.520625
SG_009281,0.465625
SG_009289,0.699458
SG_009290,0.866542
SG_009299,0.171833
SG_009300,0.179708
SG_009305,0.267167
SG_009307,0.804167
SG_009319,0.225542
SG_009328,0.226208
SG_009333,0.300667
SG_009335,0.563500
SG_009341,0.354292
SG_009347,0.232792
SG_009354,0.839125
SG_009355,0.985292
SG_009357,0.425417
SG_009362,0.823292
SG_009363,0.927375
SG_009365,0.397500
SG_009366,0.911875
SG_009367,0.726250
SG_009370,0.680583
SG_009386,0.438542
SG_009392,0.422917
SG_009398,0.189542
SG_009400,0.199833
SG_009402,0.861458
SG_009403,0.492292
SG_009404,0.230167
SG_009406,0.746458
SG_009407,0.808917
SG_009408,0.049375
SG_009409,0.053333
SG_009410,0.909917
SG_009411,0.707000
SG_009412,0.370208
SG_009413,0.237667
SG_009415,0.684000
SG_009417,0.505417
SG_009419,0.267458
SG_009425,0.749708
SG_009426,0.215833
SG_009427,0.333708
SG_009429,0.143292
SG_009434,0.309250
SG_009438,0.497625
SG_009441,0.692000
SG_009442,0.361042
SG_009444,0.592708
SG_009445,0.649583
SG_009446,0.119542
SG_009447,0.120625
SG_009449,0.505042
SG_009455,0.414583
SG_009458,0.743792
SG_009461,0.969542
SG_009462,0.850083
SG_009466,0.565375
SG_009473,0.378208
SG_009478,0.479625
SG_009479,0.785875
SG_009481,0.549958
SG_009485,0.255042
SG_009490,0.924125
SG_009496,0.249583
SG_009500,0.286542
SG_009502,0.965958
SG_009504,0.922500
SG_009505,0.513250
SG_009516,0.273917
SG_009518,0.772875
SG_009519,0.842458
SG_009528,0.175958
SG_009529,0.364375
SG_009530,0.134500
SG_009533,0.785542
SG_009537,0.276750
SG_009539,0.233333
SG_009540,0.423417
SG_009541,0.729250
SG_009544,0.288625
SG_009556,0.403333
SG_009558,0.882750
SG_009566,0.515542
SG_009567,0.345458
SG_009569,0.044167
SG_009573,0.457333
SG_009577,0.117417
SG_009581,0.478708
SG_009582,0.665958
SG_009584,0.058958
SG_009585,0.873042
SG_009589,0.481000
SG_009592,0.269125
SG_009593,0.773250
SG_009602,0.157250
SG_009614,0.310667
SG_009616,0.884667
SG_009618,0.853167
SG_009619,0.216875
SG_009620,0.512792
SG_009622,0.260958
SG_009630,0.437792
SG_009632,0.323625
SG_009639,0.273542
SG_009649,0.868000
SG_009651,0.970583
SG_009661,0.069292
SG_009670,0.293958
SG_009671,0.589875
SG_009679,0.499000
SG_009681,0.254542
SG_009683,0.352417
SG_009687,0.797583
SG_009690,0.467667
SG_009691,0.978250
SG_009694,0.653292
SG_009696,0.823875
SG_009701,0.919542
SG_009702,0.234625
SG_009707,0.099333
SG_009716,0.179417
SG_009718,0.440167
SG_009727,0.533625
SG_009736,0.411417
SG_009741,0.179250
SG_009744,0.605417
SG_009746,0.411833
SG_009747,0.918792
SG_009751,0.689292
SG_009754,0.324375
SG_009757,0.146542
SG_009759,0.640375
SG_009760,0.570750
SG_009762,0.342250
SG_009763,0.490667
SG_009766,0.211083
SG_009776,0.409000
SG_009778,0.874875
SG_009780,0.916917
SG_009782,0.963500
SG_009783,0.280583
SG_009785,0.760292
SG_009786,0.624833
SG_009791,0.753292
SG_009794,0.291500
SG_009795,0.687292
SG_009799,0.664542
SG_009800,0.861833
SG_009814,0.882083
SG_009819,0.282125
SG_009824,0.560542
SG_009825,0.884458
SG_009829,0.673958
SG_009834,0.475292
SG_009837,0.605875
SG_009838,0.291833
SG_009843,0.584792
SG_009845,0.426000
SG_009851,0.531917
SG_009855,0.922000
SG_009856,0.476708
SG_009862,0.522875
SG_009865,0.108250
SG_009867,0.340500
SG_009868,0.733167
SG_009869,0.142958
SG_009870,0.358000
SG_009875,0.396375
SG_009876,0.815667
SG_009877,0.670000
SG_009878,0.924542
SG_009880,0.870833
SG_009881,0.324500
SG_009895,0.941000
SG_009905,0.635167
SG_009909,0.577625
SG_009914,0.652458
SG_009916,0.490708
SG_009921,0.191875
SG_009923,0.912917
SG_009926,0.867292
SG_009929,0.561750
SG_009932,0.649542
SG_009933,0.150000
SG_009935,0.242708
SG_009936,0.418292
SG_009937,0.266000
SG_009941,0.219667
SG_009942,0.790375
SG_009953,0.937667
SG_009956,0.203667
SG_009959,0.378625
SG_009964,0.488792
SG_009972,0.751042
SG_009977,0.652083
SG_009979,0.888625
SG_009982,0.179833
SG_009985,0.900750
SG_009987,0.073167
SG_009989,0.615833
SG_009993,0.456167
SG_009997,0.496042
SG_009999,0.389708
SG_010002,0.721125
SG_010007,0.597792
SG_010008,0.241708
SG_010009,0.236417
SG_010010,0.633500
SG_010011,0.590375
SG_010012,0.203875
SG_010014,0.079042
SG_010015,0.436542
SG_010019,0.300083
SG_010020,0.322708
SG_010021,0.395417
SG_010024,0.453250
SG_010025,0.540417
SG_010034,0.460667
SG_010037,0.167250
SG_010038,0.640333
SG_010042,0.462833
SG_010045,0.545250
SG_010047,0.279458
SG_010048,0.411458
SG_010050,0.611000
SG_010052,0.312042
SG_010058,0.417417
SG_010061,0.778458
SG_010068,0.229750
SG_010069,0.415417
SG_010074,0.540125
SG_010078,0.168167
SG_010081,0.227250
SG_010084,0.586750
SG_010085,0.172750
SG_010086,0.892000
SG_010088,0.787583
SG_010091,0.099333
SG_010092,0.480542
SG_010099,0.675333
SG_010101,0.598458
SG_010103,0.347708
SG_010104,0.588458
SG_010106,0.897417
SG_010109,0.587083
SG_010115,0.123000
SG_010116,0.874417
SG_010117,0.846958
SG_010123,0.775625
SG_010130,0.092167
SG_010132,0.035417
SG_010134,0.847167
SG_010142,0.716625
SG_010144,0.322917
SG_010146,0.785208
SG_010151,0.057208
SG_010153,0.912667
SG_010155,0.391583
SG_010157,0.871042
SG_010165,0.113625
SG_010166,0.330083
SG_010169,0.209750
SG_010170,0.522417
SG_010172,0.054458
SG_010173,0.231250
SG_010174,0.586292
SG_010175,0.519958
SG_010176,0.709292
SG_010182,0.086333
SG_010183,0.708875
SG_010184,0.862417
SG_010187,0.286292
SG_010195,0.202375
SG_010198,0.478875
SG_010199,0.291125
SG_010200,0.078833
SG_010204,0.461250
SG_010206,0.471792
SG_010208,0.826292
SG_010209,0.280375
SG_010210,0.663042
SG_010213,0.149667
SG_010217,0.453625
SG_010226,0.465583
SG_010227,0.351875
SG_010234,0.234708
SG_010235,0.481417
SG_010238,0.959583
SG_010241,0.239125
SG_010242,0.062375
SG_010243,0.086500
SG_010246,0.670125
SG_010252,0.645583
SG_010253,0.979000
SG_010256,0.868500
SG_010257,0.311792
SG_010258,0.163667
SG_010259,0.953125
SG_010261,0.777917
SG_010263,0.346958
SG_010265,0.071292
SG_010267,0.073167
SG_010271,0.093333
SG_010273,0.721083
SG_010274,0.236583
SG_010277,0.577250
SG_010284,0.110542
SG_010286,0.447458
SG_010287,0.985500
SG_010288,0.297250
SG_010293,0.543458
SG_010294,0.714792
SG_010298,0.585833
SG_010306,0.429333
SG_010313,0.567333
SG_010315,0.913333
SG_010316,0.717958
SG_010319,0.279917
SG_010320,0.803875
SG_010322,0.622333
SG_010323,0.754250
SG_010326,0.533958
SG_010328,0.656417
SG_010329,0.963417
SG_010330,0.565458
SG_010332,0.095167
SG_010336,0.789917
SG_010344,0.677250
SG_010347,0.929542
SG_010350,0.281333
SG_010352,0.977167
SG_010354,0.342833
SG_010358,0.482042
SG_010371,0.276083
SG_010373,0.750917
SG_010379,0.087458
SG_010386,0.489042
SG_010393,0.389958
SG_010394,0.658375
SG_010399,0.675125
SG_010401,0.286833
SG_010404,0.435333
SG_010406,0.153667
SG_010407,0.492583
SG_010409,0.975917
SG_010412,0.818167
SG_010418,0.068833
SG_010420,0.038833
SG_010424,0.907083
SG_010425,0.735792
SG_010428,0.914458
SG_010430,0.922792
SG_010431,0.875875
SG_010435,0.246083
SG_010442,0.907167
SG_010455,0.195625
SG_010459,0.432208
SG_010460,0.731417
SG_010461,0.646458
SG_010462,0.036750
SG_010465,0.015000
SG_010467,0.260458
SG_010469,0.338708
SG_010470,0.426042
SG_010472,0.093208
SG_010475,0.862000
SG_010477,0.722750
SG_010481,0.858042
SG_010482,0.106750
SG_010483,0.855917
SG_010485,0.339250
SG_010486,0.182958
SG_010487,0.577625
SG_010490,0.722250
SG_010492,0.343792
SG_010493,0.038667
SG_010495,0.391708
SG_010498,0.659833
SG_010499,0.417417
SG_010501,0.811125
SG_010503,0.096708
SG_010505,0.520250
SG_010506,0.189875
SG_010507,0.097500
SG_010509,0.350833
SG_010510,0.758625
SG_010515,0.787500
SG_010517,0.916667
SG_010518,0.365792
SG_010531,0.906875
SG_010546,0.812042
SG_010547,0.175250
SG_010550,0.556125
SG_010552,0.336417
SG_010553,0.554917
SG_010555,0.130333
SG_010561,0.557708
SG_010562,0.742042
SG_010563,0.529375
SG_010569,0.346542
SG_010571,0.318417
SG_010577,0.250083
SG_010578,0.144292
SG_010579,0.608667
SG_010582,0.184750
SG_010585,0.713708
SG_010586,0.753500
SG_010588,0.337333
SG_010589,0.029250
SG_010590,0.752167
SG_010592,0.951917
SG_010594,0.072417
SG_010598,0.830708
SG_010600,0.481542
SG_010607,0.409542
SG_010611,0.733708
SG_010615,0.995125
SG_010616,0.514208
SG_010619,0.450625
SG_010627,0.486375
SG_010634,0.074917
SG_010635,0.414667
SG_010636,0.707625
SG_010649,0.897208
SG_010651,0.382375
SG_010653,0.152667
SG_010655,0.402917
SG_010659,0.528500
SG_010662,0.913917
SG_010664,0.564583
SG_010666,0.328542
SG_010668,0.085625
SG_010670,0.531167
SG_010673,0.540333
SG_010674,0.465583
SG_010679,0.588333
SG_010684,0.684125
SG_010685,0.431708
SG_010690,0.060000
SG_010696,0.416875
SG_010700,0.308958
SG_010707,0.372250
SG_010708,0.169500
SG_010713,0.184417
SG_010717,0.275750
SG_010718,0.571167
SG_010721,0.778250
SG_010722,0.061375
SG_010726,0.823833
SG_010729,0.290917
SG_010733,0.466500
SG_010734,0.393917
SG_010737,0.558125
SG_010739,0.323125
SG_010745,0.578500
SG_010752,0.401500
SG_010753,0.686125
SG_010757,0.213583
SG_010760,0.823083
SG_010763,0.547875
SG_010769,0.693333
SG_010772,0.680542
SG_010773,0.175208
SG_010774,0.349458
SG_010781,0.338708
SG_010784,0.186458
SG_010789,0.172625
SG_010791,0.571583
SG_010795,0.790458
SG_010796,0.620083
SG_010798,0.471250
SG_010801,0.637542
SG_010803,0.909458
SG_010808,0.356708
SG_010809,0.502083
SG_010810,0.806333
SG_010814,0.638125
SG_010816,0.123042
SG_010818,0.094875
SG_010824,0.702417
SG_010828,0.719042
SG_010830,0.775667
SG_010831,0.238750
SG_010837,0.767792
SG_010843,0.404542
SG_010844,0.874375
SG_010845,0.164833
SG_010846,0.660375
SG_010847,0.586500
SG_010853,0.416375
SG_010857,0.094125
SG_010860,0.617792
SG_010863,0.334375
SG_010865,0.711583
SG_010870,0.670542
SG_010871,0.635750
SG_010872,0.188583
SG_010876,0.930208
SG_010881,0.431708
SG_010882,0.342417
SG_010884,0.753208
SG_010887,0.268250
SG_010888,0.659292
SG_010889,0.673625
SG_010894,0.664208
SG_010896,0.538625
SG_010898,0.471708
SG_010902,0.409208
SG_010904,0.615875
SG_010907,0.614750
SG_010911,0.500667
SG_010922,0.412125
SG_010930,0.054208
SG_010946,0.796500
SG_010951,0.129750
SG_010956,0.785833
SG_010960,0.974208
SG_010961,0.518375
SG_010962,0.815000
SG_010969,0.230583
SG_010971,0.172958
SG_010973,0.817167
SG_010974,0.186500
SG_010977,0.063417
SG_010982,0.083667
SG_010985,0.570375
SG_010986,0.649708
SG_010987,0.475250
SG_010993,0.070542
SG_010995,0.104958
SG_010998,0.901708
SG_011003,0.760958
SG_011010,0.161625
SG_011012,0.349958
SG_011016,0.691000
SG_011017,0.346917
SG_011025,0.144583
SG_011031,0.860000
SG_011050,0.045500
SG_011052,0.304375
SG_011053,0.535000
SG_011055,0.365875
SG_011057,0.694042
SG_011060,0.268000
SG_011073,0.432958
SG_011075,0.849125
SG_011077,0.325792
SG_011088,0.552625
SG_011089,0.533292
SG_011097,0.099417
SG_011107,0.442667
SG_011110,0.453125
SG_011117,0.246417
SG_011120,0.818667
SG_011132,0.170417
SG_011133,0.366250
SG_011139,0.985917
SG_011143,0.878083
SG_011144,0.190542
SG_011147,0.808583
SG_011148,0.429500
SG_011151,0.131375
SG_011152,0.920583
SG_011154,0.148167
SG_011158,0.714167
SG_011159,0.975750
SG_011160,0.582042
SG_011161,0.765833
SG_011162,0.652542
SG_011164,0.171917
SG_011169,0.169083
SG_011170,0.087125
SG_011175,0.289583
SG_011176,0.768583
SG_011177,0.318333
SG_011182,0.648042
SG_011184,0.975042
SG_011186,0.375042
SG_011190,0.212667
SG_011192,0.973333
SG_011199,0.203458
SG_011200,0.484875
SG_011201,0.194833
SG_011203,0.537000
SG_011208,0.834458
SG_011212,0.483125
SG_011214,0.406583
SG_011221,0.853833
SG_011222,0.535000
SG_011224,0.337833
SG_011226,0.902083
SG_011235,0.775750
SG_011239,0.226083
SG_011250,0.188875
SG_011257,0.957167
SG_011259,0.564333
SG_011261,0.050708
SG_011262,0.671583
SG_011266,0.693292
SG_011274,0.187417
SG_011275,0.193208
SG_011279,0.226250
SG_011280,0.597667
SG_011285,0.102333
SG_011291,0.364708
SG_011294,0.228417
SG_011298,0.406208
SG_011303,0.462667
SG_011304,0.354583
SG_011306,0.347208
SG_011307,0.510667
SG_011308,0.542583
SG_011309,0.518542
SG_011310,0.403500
SG_011312,0.978583
SG_011313,0.980958
SG_011327,0.262167
SG_011333,0.383250
SG_011335,0.545792
SG_011337,0.335917
SG_011340,0.003875
SG_011343,0.221542
SG_011345,0.378167
SG_011347,0.339500
SG_011350,0.321958
SG_011357,0.339250
SG_011360,0.354958
SG_011361,0.947292
SG_011367,0.148792
SG_011371,0.319583
SG_011376,0.244208
SG_011377,0.919958
SG_011380,0.414875
SG_011381,0.151000
SG_011383,0.150042
SG_011398,0.340042
SG_011401,0.477000
SG_011413,0.348458
SG_011416,0.545625
SG_011420,0.443375
SG_011429,0.249042
SG_011432,0.064750
SG_011437,0.608458
SG_011443,0.504667
SG_011447,0.805708
SG_011450,0.443708
SG_011457,0.752208
SG_011458,0.485250
SG_011460,0.645458
SG_011464,0.290792
SG_011468,0.116083
SG_011469,0.780583
SG_011473,0.875958
SG_011475,0.850458
SG_011479,0.576833
SG_011482,0.842792
SG_011483,0.918833
SG_011492,0.516750
SG_011493,0.565458
SG_011497,0.049083
SG_011503,0.323917
SG_011504,0.648792
SG_011505,0.180167
SG_011512,0.590583
SG_011519,0.039375
SG_011526,0.865333
SG_011527,0.189083
SG_011528,0.087917
SG_011532,0.077125
SG_011541,0.148417
SG_011544,0.424875
SG_011547,0.945000
SG_011548,0.926167
SG_011552,0.551375
SG_011566,0.531333
SG_011567,0.629875
SG_011569,0.257375
SG_011575,0.497458
SG_011576,0.727292
SG_011577,0.473375
SG_011581,0.558750
SG_011584,0.890917
SG_011586,0.760958
SG_011593,0.725250
SG_011597,0.284917
SG_011598,0.717000
SG_011602,0.128583
SG_011605,0.803583
SG_011607,0.185750
SG_011612,0.978208
SG_011616,0.752458
SG_011617,0.669792
SG_011620,0.917583
SG_011622,0.772958
SG_011625,0.580000
SG_011626,0.593625
SG_011627,0.555833
SG_011632,0.891000
SG_011633,0.556250
SG_011635,0.945625
SG_011638,0.272083
SG_011640,0.853375
SG_011645,0.167000
SG_011649,0.669292
SG_011656,0.447333
SG_011662,0.227250
SG_011663,0.546083
SG_011666,0.231250
SG_011672,0.091625
SG_011673,0.576667
SG_011676,0.892375
SG_011678,0.401542
SG_011682,0.652583
SG_011683,0.199292
SG_011684,0.219167
SG_011691,0.756333
SG_011694,0.092208
SG_011695,0.654417
SG_011697,0.677875
SG_011699,0.068458
SG_011701,0.837500
SG_011704,0.512042
SG_011705,0.720208
SG_011708,0.516625
SG_011714,0.800833
SG_011715,0.821458
SG_011720,0.185708
SG_011721,0.158083
SG_011727,0.065375
SG_011728,0.897542
SG_011729,0.426667
SG_011731,0.398917
SG_011736,0.626167
SG_011737,0.215208
SG_011747,0.513583
SG_011749,0.853708
SG_011750,0.643833
SG_011752,0.309875
SG_011757,0.816750
SG_011764,0.812500
SG_011767,0.070625
SG_011769,0.878917
SG_011770,0.803167
SG_011772,0.730000
SG_011773,0.193875
SG_011777,0.560333
SG_011779,0.614583
SG_011780,0.603875
SG_011786,0.904042
SG_011787,0.693625
SG_011789,0.089667
SG_011796,0.076833
SG_011799,0.211125
SG_011801,0.114083
SG_011802,0.615583
SG_011806,0.051833
SG_011812,0.869000
SG_011814,0.700792
SG_011815,0.223917
SG_011816,0.790083
SG_011830,0.294500
SG_011833,0.085250
SG_011843,0.608833
SG_011853,0.694583
SG_011855,0.523667
SG_011858,0.110042
SG_011861,0.071167
SG_011863,0.797125
SG_011864,0.752292
SG_011868,0.838667
SG_011869,0.670458
SG_011871,0.839542
SG_011886,0.443708
SG_011889,0.301125
SG_011890,0.642833
SG_011894,0.521292
SG_011896,0.205875
SG_011898,0.083250
SG_011900,0.620375
SG_011918,0.588458
SG_011922,0.534500
SG_011925,0.238958
SG_011926,0.364958
SG_011927,0.840333
SG_011931,0.740458
SG_011933,0.088417
SG_011936,0.038292
SG_011939,0.299750
SG_011940,0.283458
SG_011953,0.395708
SG_011955,0.851333
SG_011956,0.733500
SG_011959,0.592542
SG_011961,0.611042
SG_011962,0.961292
SG_011966,0.959125
SG_011969,0.175125
SG_011971,0.079125
SG_011977,0.688583
SG_011978,0.207417
SG_011983,0.253458
SG_011986,0.226333
SG_011988,0.079083
SG_011993,0.299625
SG_011995,0.643708
SG_011996,0.174000
SG_011997,0.287583
SG_012000,0.542000
SG_012013,0.652708
SG_012018,0.435125
SG_012019,0.136500
SG_012020,0.855375
SG_012022,0.183208
SG_012031,0.547875
SG_012040,0.752917
SG_012041,0.182250
SG_012048,0.052792
SG_012050,0.250792
SG_012051,0.046458
SG_012052,0.589375
SG_012064,0.654542
SG_012066,0.124917
SG_012068,0.356458
SG_012076,0.701333
SG_012077,0.274542
SG_012078,0.247708
SG_012079,0.014042
SG_012080,0.515583
SG_012081,0.431083
SG_012082,0.469292
SG_012086,0.543292
SG_012089,0.491583
SG_012097,0.074667
SG_012104,0.569083
SG_012108,0.771875
SG_012113,0.560958
SG_012119,0.793792
SG_012124,0.802917
SG_012125,0.262958
SG_012141,0.813542
SG_012143,0.551208
SG_012145,0.183625
SG_012148,0.521083
SG_012150,0.696708
SG_012162,0.434250
SG_012165,0.568750
SG_012166,0.486708
SG_012167,0.622375
SG_012168,0.180708
SG_012169,0.329375
SG_012170,0.379417
SG_012175,0.197000
SG_012176,0.756167
SG_012177,0.070250
SG_012181,0.682750
SG_012186,0.979708
SG_012190,0.647667
SG_012192,0.924625
SG_012194,0.301042
SG_012195,0.323792
SG_012198,0.752208
SG_012199,0.251125
SG_012205,0.994750
SG_012206,0.873375
SG_012211,0.076167
SG_012212,0.629167
SG_012213,0.405833
SG_012216,0.751875
SG_012217,0.670708
SG_012218,0.673167
SG_012220,0.350833
SG_012225,0.739042
SG_012230,0.043875
SG_012232,0.216042
SG_012234,0.178250
SG_012238,0.462417
SG_012241,0.275625
SG_012243,0.065125
SG_012247,0.373167
SG_012253,0.221208
SG_012258,0.747417
SG_012260,0.359583
SG_012263,0.196125
SG_012264,0.802875
SG_012266,0.947917
SG_012270,0.109292
SG_012272,0.150250
SG_012276,0.626292
SG_012277,0.326375
SG_012278,0.430500
SG_012279,0.781917
SG_012280,0.855292
SG_012281,0.944792
SG_012283,0.878292
SG_012284,0.937833
SG_012285,0.538708
SG_012290,0.548333
SG_012293,0.643000
SG_012301,0.708833
SG_012305,0.862417
SG_012307,0.732417
SG_012308,0.240333
SG_012310,0.479125
SG_012312,0.895125
SG_012313,0.300500
SG_012316,0.695250
SG_012321,0.262375
SG_012322,0.586958
SG_012326,0.200792
SG_012334,0.346583
SG_012336,0.191625
SG_012337,0.586208
SG_012339,0.787292
SG_012340,0.520250
SG_012345,0.186708
SG_012355,0.605333
SG_012362,0.576792
SG_012363,0.358000
SG_012368,0.791083
SG_012375,0.249333
SG_012378,0.016958
SG_012381,0.159292
SG_012384,0.116750
SG_012390,0.609375
SG_012393,0.578625
SG_012397,0.062625
SG_012400,0.605125
SG_012402,0.834833
SG_012410,0.687917
SG_012414,0.194167
SG_012419,0.465083
SG_012420,0.920833
SG_012422,0.841792
SG_012423,0.635042
SG_012424,0.119250
SG_012427,0.461250
SG_012432,0.441875
SG_012436,0.806125
SG_012437,0.893667
SG_012438,0.861250
SG_012444,0.108000
SG_012446,0.031708
SG_012452,0.929208
SG_012453,0.353167
SG_012456,0.517833
SG_012459,0.075500
SG_012468,0.225083
SG_012470,0.537250
SG_012480,0.452167
SG_012484,0.243792
SG_012489,0.243792
SG_012493,0.722917
SG_012495,0.748292
SG_012499,0.700792
SG_012501,0.147375
SG_012502,0.174167
SG_012504,0.740000
SG_012506,0.222333
SG_012509,0.881708
SG_012510,0.988625
SG_012513,0.395083
SG_012519,0.750125
SG_012520,0.692667
SG_012521,0.048583
SG_012525,0.500542
SG_012527,0.635917
SG_012531,0.544500
SG_012533,0.920667
SG_012538,0.140792
SG_012539,0.970833
SG_012548,0.479667
SG_012550,0.447833
SG_012552,0.425542
SG_012556,0.519958
SG_012561,0.833292
SG_012562,0.147417
SG_012563,0.723250
SG_012564,0.818042
SG_012567,0.036917
SG_012568,0.909833
SG_012571,0.647125
SG_012575,0.104167
SG_012579,0.639125
SG_012588,0.400958
SG_012591,0.445292
SG_012594,0.616208
SG_012596,0.038542
SG_012600,0.680708
SG_012601,0.396625
SG_012603,0.180208
SG_012606,0.129542
SG_012609,0.978208
SG_012610,0.095333
SG_012615,0.439667
SG_012616,0.786167
SG_012619,0.394583
SG_012623,0.784375
SG_012628,0.328375
SG_012630,0.825083
SG_012632,0.488042
SG_012636,0.498917
SG_012640,0.048042
SG_012643,0.739292
SG_012648,0.969458
SG_012651,0.094917
SG_012654,0.677458
SG_012660,0.909208
SG_012661,0.829958
SG_012663,0.608375
SG_012669,0.241250
SG_012674,0.676792
SG_012680,0.654042
SG_012684,0.125167
SG_012688,0.492750
SG_012690,0.757833
SG_012697,0.329333
SG_012699,0.454875
SG_012701,0.153125
SG_012705,0.519583
SG_012709,0.692042
SG_012710,0.878625
SG_012715,0.497375
SG_012716,0.303958
SG_012718,0.224500
SG_012723,0.353083
SG_012724,0.550250
SG_012730,0.396833
SG_012734,0.652375
SG_012736,0.070792
SG_012738,0.230125
SG_012747,0.761167
SG_012749,0.934833
SG_012750,0.230042
SG_012753,0.487833
SG_012754,0.846167
SG_012757,0.670833
SG_012763,0.273875
SG_012764,0.247625
SG_012767,0.873000
SG_012768,0.405583
SG_012773,0.209667
SG_012775,0.147125
SG_012777,0.615167
SG_012786,0.557417
SG_012787,0.889667
SG_012792,0.332375
SG_012797,0.837208
SG_012805,0.568417
SG_012808,0.681750
SG_012810,0.768458
SG_012819,0.960875
SG_012821,0.958792
SG_012822,0.777417
SG_012831,0.139750
SG_012844,0.911625
SG_012845,0.154583
SG_012848,0.062500
SG_012849,0.521083
SG_012851,0.854250
SG_012859,0.040542
SG_012861,0.718042
SG_012869,0.741875
SG_012870,0.444542
SG_012873,0.950000
SG_012874,0.893667
SG_012883,0.131000
SG_012886,0.882167
SG_012887,0.079125
SG_012888,0.272250
SG_012891,0.203042
SG_012898,0.301208
SG_012905,0.848750
SG_012910,0.897208
SG_012913,0.255292
SG_012918,0.963500
SG_012919,0.841208
SG_012920,0.582375
SG_012923,0.201708
SG_012924,0.466000
SG_012926,0.986375
SG_012936,0.828833
SG_012938,0.506958
SG_012940,0.054958
SG_012945,0.319625
SG_012949,0.613875
SG_012958,0.416542
SG_012962,0.773625
SG_012967,0.248583
SG_012968,0.436375
SG_012970,0.243083
SG_012972,0.258208
SG_012978,0.240750
SG_012979,0.431500
SG_012980,0.901750
SG_012981,0.891542
SG_012983,0.353375
SG_012984,0.799250
SG_012989,0.732917
SG_012994,0.558333
SG_012997,0.549958
SG_013002,0.453208
SG_013009,0.441250
SG_013017,0.221875
SG_013023,0.841542
SG_013028,0.301667
SG_013030,0.721875
SG_013033,0.870000
SG_013042,0.514000
SG_013043,0.676500
SG_013045,0.793083
SG_013063,0.704750
SG_013064,0.589000
SG_013065,0.338625
SG_013068,0.862292
SG_013070,0.319667
SG_013071,0.367875
SG_013072,0.686042
SG_013077,0.456500
SG_013080,0.903542
SG_013082,0.612250
SG_013083,0.481792
SG_013085,0.714333
SG_013086,0.361500
SG_013093,0.292042
SG_013094,0.505625
SG_013096,0.731542
SG_013104,0.844042
SG_013108,0.358875
SG_013111,0.236833
SG_013112,0.636000
SG_013115,0.296958
SG_013117,0.790250
SG_013125,0.099708
SG_013127,0.555625
SG_013135,0.542875
SG_013138,0.925583
SG_013139,0.140125
SG_013141,0.865542
SG_013149,0.687625
SG_013150,0.944042
SG_013157,0.801000
SG_013159,0.841083
SG_013166,0.387167
SG_013172,0.655250
SG_013177,0.401875
SG_013178,0.167708
SG_013187,0.152042
SG_013196,0.054792
SG_013201,0.932833
SG_013202,0.102292
SG_013212,0.157250
SG_013219,0.196875
SG_013222,0.114250
SG_013223,0.822333
SG_013224,0.983917
SG_013233,0.208750
SG_013237,0.093625
SG_013245,0.461083
SG_013249,0.315083
SG_013250,0.741458
SG_013260,0.516250
SG_013264,0.259167
SG_013266,0.447208
SG_013267,0.817625
SG_013269,0.413500
SG_013273,0.861583
SG_013276,0.174667
SG_013280,0.360542
SG_013281,0.405583
SG_013282,0.289458
SG_013288,0.526917
SG_013292,0.316458
SG_013294,0.938917
SG_013297,0.121458
SG_013304,0.271375
SG_013311,0.529375
SG_013313,0.817375
SG_013314,0.333917
SG_013315,0.154667
SG_013317,0.879542
SG_013321,0.748417
SG_013323,0.276750
SG_013327,0.457042
SG_013328,0.216583
SG_013332,0.253250
SG_013337,0.707000
SG_013338,0.709250
SG_013339,0.109625
SG_013340,0.636000
SG_013342,0.078708
SG_013344,0.105792
SG_013345,0.671583
SG_013347,0.418958
SG_013348,0.168875
SG_013356,0.703292
SG_013358,0.676833
SG_013359,0.436292
SG_013360,0.290458
SG_013361,0.214000
SG_013362,0.624542
SG_013366,0.409208
SG_013371,0.631500
SG_013372,0.734292
SG_013374,0.693917
SG_013380,0.040208
SG_013383,0.754083
SG_013384,0.283750
SG_013391,0.905333
SG_013392,0.593417
SG_013393,0.460625
SG_013396,0.898583
SG_013400,0.678708
SG_013404,0.127042
SG_013412,0.534792
SG_013413,0.668667
SG_013414,0.246458
SG_013418,0.894333
SG_013420,0.247792
SG_013421,0.692792
SG_013424,0.915542
SG_013427,0.604292
SG_013430,0.438583
SG_013435,0.739167
SG_013438,0.655917
SG_013440,0.332042
SG_013443,0.872500
SG_013444,0.589083
SG_013446,0.096458
SG_013447,0.308333
SG_013452,0.388292
SG_013454,0.715375
SG_013456,0.161917
SG_013462,0.350000
SG_013463,0.946333
SG_013464,0.521625
SG_013468,0.108833
SG_013472,0.383167
SG_013474,0.776000
SG_013477,0.220833
SG_013480,0.347875
SG_013485,0.121333
SG_013486,0.421625
SG_013487,0.362833
SG_013491,0.906708
SG_013495,0.742708
SG_013499,0.319708
SG_013504,0.933542
SG_013508,0.761333
SG_013509,0.055875
SG_013515,0.877792
SG_013523,0.176708
SG_013528,0.411875
SG_013538,0.509583
SG_013542,0.337500
SG_013543,0.198083
SG_013544,0.918333
SG_013545,0.778500
SG_013546,0.380167
SG_013548,0.971458
SG_013549,0.939958
SG_013552,0.736208
SG_013553,0.462250
SG_013554,0.465708
SG_013557,0.559792
SG_013558,0.175000
SG_013561,0.944583
SG_013563,0.152542
SG_013565,0.347208
SG_013567,0.238583
SG_013568,0.161250
SG_013571,0.621917
SG_013574,0.677208
SG_013575,0.116042
SG_013578,0.842958
SG_013579,0.878000
SG_013580,0.653625
SG_013586,0.059917
SG_013588,0.175833
SG_013591,0.704333
SG_013598,0.910083
SG_013601,0.447167
SG_013602,0.963958
SG_013604,0.270000
SG_013608,0.955083
SG_013610,0.586542
SG_013612,0.441333
SG_013613,0.337625
SG_013616,0.293958
SG_013619,0.500333
SG_013624,0.713583
SG_013626,0.349000
SG_013628,0.887958
SG_013629,0.327250
SG_013633,0.343375
SG_013635,0.077458
SG_013637,0.426250
SG_013638,0.361542
SG_013639,0.342542
SG_013641,0.703000
SG_013646,0.779542
SG_013653,0.354125
SG_013667,0.608958
SG_013668,0.726208
SG_013670,0.292458
SG_013675,0.634875
SG_013677,0.491542
SG_013678,0.597042
SG_013681,0.282375
SG_013682,0.647583
SG_013683,0.873667
SG_013684,0.464792
SG_013685,0.561125
SG_013686,0.896125
SG_013690,0.459042
SG_013695,0.108500
SG_013705,0.401833
SG_013706,0.133208
SG_013708,0.019792
SG_013711,0.136917
SG_013713,0.551167
SG_013715,0.372917
SG_013716,0.578458
SG_013726,0.877042
SG_013727,0.120250
SG_013728,0.616958
SG_013731,0.241083
SG_013733,0.041667
SG_013737,0.473625
SG_013740,0.643167
SG_013741,0.200042
SG_013744,0.313333
SG_013745,0.870750
SG_013746,0.160958
SG_013747,0.384958
SG_013749,0.747167
SG_013755,0.665958
SG_013759,0.242500
SG_013765,0.702958
SG_013766,0.853250
SG_013769,0.350417
SG_013773,0.623875
SG_013785,0.394000
SG_013793,0.080542
SG_013800,0.108333
SG_013808,0.221000
SG_013815,0.923167
SG_013827,0.220042
SG_013840,0.310333
SG_013841,0.044750
SG_013842,0.212500
SG_013844,0.858583
SG_013845,0.260417
SG_013849,0.152125
SG_013850,0.202042
SG_013851,0.415583
SG_013853,0.788417
SG_013854,0.330958
SG_013855,0.617542
SG_013857,0.351500
SG_013860,0.884250
SG_013862,0.555458
SG_013867,0.842042
SG_013868,0.111250
SG_013870,0.261625
SG_013883,0.218792
SG_013884,0.333125
SG_013885,0.786042
SG_013892,0.648583
SG_013896,0.117875
SG_013898,0.307542
SG_013901,0.869667
SG_013905,0.585625
SG_013906,0.772833
SG_013907,0.221167
SG_013910,0.739917
SG_013912,0.272417
SG_013914,0.274667
SG_013919,0.847167
SG_013922,0.740125
SG_013943,0.337500
SG_013944,0.113625
SG_013946,0.570750
SG_013948,0.168167
SG_013949,0.279542
SG_013953,0.656542
SG_013962,0.831458
SG_013965,0.893708
SG_013969,0.856375
SG_013974,0.112792
SG_013978,0.383417
SG_013979,0.331958
SG_013980,0.522292
SG_013986,0.613458
SG_013997,0.323458
SG_014000,0.679792
SG_014004,0.022583
SG_014009,0.600875
SG_014010,0.543792
SG_014012,0.333833
SG_014014,0.756583
SG_014015,0.426500
SG_014016,0.745500
SG_014017,0.782417
SG_014018,0.010042
SG_014020,0.567708
SG_014021,0.189500
SG_014022,0.273250
SG_014023,0.524667
SG_014026,0.844583
SG_014030,0.560792
SG_014031,0.772250
SG_014036,0.335542
SG_014037,0.158167
SG_014039,0.365042
SG_014045,0.566375
SG_014046,0.545167
SG_014047,0.822250
SG_014050,0.008542
SG_014053,0.390667
SG_014058,0.956083
SG_014059,0.727792
SG_014062,0.120750
SG_014067,0.873458
SG_014072,0.049167
SG_014073,0.407542
SG_014075,0.620250
SG_014081,0.772792
SG_014085,0.333208
SG_014088,0.720083
SG_014096,0.527625
SG_014099,0.627125
SG_014102,0.663125
SG_014105,0.785250
SG_014111,0.927625
SG_014113,0.646958
SG_014116,0.139750
SG_014122,0.804792
SG_014123,0.525375
SG_014124,0.859917
SG_014130,0.661292
SG_014132,0.634750
SG_014135,0.922917
SG_014136,0.704000
SG_014139,0.721458
SG_014140,0.612500
SG_014141,0.723875
SG_014146,0.776208
SG_014155,0.602208
SG_014157,0.217583
SG_014161,0.416542
SG_014162,0.324625
SG_014165,0.727250
SG_014167,0.711542
SG_014168,0.411625
SG_014172,0.116167
SG_014176,0.241125
SG_014177,0.930250
SG_014184,0.977208
SG_014186,0.855750
SG_014188,0.387125
SG_014190,0.393000
SG_014191,0.521208
SG_014192,0.089708
SG_014194,0.763125
SG_014196,0.547458
SG_014197,0.939125
SG_014205,0.347208
SG_014210,0.367167
SG_014217,0.291167
SG_014219,0.872833
SG_014223,0.502208
SG_014235,0.302000
SG_014237,0.801750
SG_014243,0.461792
SG_014248,0.881583
SG_014249,0.544542
SG_014259,0.602250
SG_014269,0.804000
SG_014270,0.837125
SG_014272,0.045792
SG_014277,0.471417
SG_014288,0.177542
SG_014290,0.374000
SG_014292,0.314750
SG_014293,0.613333
SG_014295,0.612792
SG_014299,0.396750
SG_014308,0.505958
SG_014309,0.289667
SG_014311,0.989875
SG_014314,0.840542
SG_014319,0.036583
SG_014320,0.202792
SG_014321,0.996833
SG_014328,0.832083
SG_014334,0.111917
SG_014335,0.253750
SG_014339,0.714500
SG_014342,0.126458
SG_014343,0.976583
SG_014345,0.405750
SG_014363,0.478375
SG_014368,0.118875
SG_014370,0.070583
SG_014373,0.683417
SG_014375,0.645917
SG_014380,0.911917
SG_014383,0.894250
SG_014385,0.677208
SG_014386,0.725042
SG_014387,0.468917
SG_014389,0.394792
SG_014391,0.334042
SG_014394,0.942375
SG_014398,0.067417
SG_014402,0.241458
SG_014409,0.555833
SG_014411,0.797750
SG_014415,0.740625
SG_014416,0.275500
SG_014418,0.242333
SG_014425,0.581958
SG_014426,0.698375
SG_014431,0.756625
SG_014432,0.969208
SG_014446,0.281833
SG_014447,0.326833
SG_014457,0.517875
SG_014465,0.823500
SG_014466,0.304833
SG_014469,0.162708
SG_014474,0.139083
SG_014484,0.234042
SG_014486,0.036042
SG_014488,0.342708
SG_014491,0.759708
SG_014495,0.670083
SG_014512,0.849042
SG_014514,0.313083
SG_014516,0.614667
SG_014519,0.221333
SG_014522,0.253000
SG_014529,0.739167
SG_014538,0.662083
SG_014544,0.583500
SG_014551,0.534000
SG_014552,0.498042
SG_014556,0.092375
SG_014562,0.637000
SG_014565,0.135167
SG_014566,0.904500
SG_014568,0.100042
SG_014569,0.008042
SG_014570,0.387708
SG_014578,0.508917
SG_014579,0.681500
SG_014581,0.665875
SG_014582,0.929042
SG_014583,0.476042
SG_014587,0.650958
SG_014594,0.531375
SG_014596,0.719000
SG_014597,0.469333
SG_014607,0.707375
SG_014611,0.165000
SG_014616,0.336917
SG_014617,0.477000
SG_014618,0.570500
SG_014619,0.371292
SG_014621,0.638042
SG_014626,0.920083
SG_014634,0.046000
SG_014635,0.657667
SG_014636,0.526625
SG_014637,0.265875
SG_014640,0.627583
SG_014641,0.773417
SG_014645,0.317333
SG_014647,0.336708
SG_014653,0.485667
SG_014655,0.204000
SG_014656,0.792958
SG_014657,0.970875
SG_014660,0.479917
SG_014667,0.071792
SG_014672,0.614958
SG_014677,0.118875
SG_014680,0.794542
SG_014681,0.891417
SG_014687,0.723542
SG_014690,0.874917
SG_014691,0.436250
SG_014700,0.878500
SG_014701,0.877250
SG_014702,0.235833
SG_014703,0.154125
SG_014712,0.842208
SG_014713,0.249208
SG_014718,0.269875
SG_014720,0.870958
SG_014723,0.416250
SG_014729,0.776167
SG_014731,0.630333
SG_014733,0.340792
SG_014735,0.903958
SG_014742,0.038042
SG_014746,0.043667
SG_014748,0.101167
SG_014749,0.454333
SG_014753,0.548500
SG_014754,0.357042
SG_014757,0.367000
SG_014771,0.177625
SG_014774,0.699208
SG_014777,0.322375
SG_014778,0.690917
SG_014780,0.574583
SG_014787,0.722917
SG_014800,0.284542
SG_014801,0.864083
SG_014802,0.565667
SG_014803,0.550958
SG_014808,0.202167
SG_014812,0.088208
SG_014813,0.192083
SG_014815,0.726458
SG_014824,0.013917
SG_014825,0.719250
SG_014827,0.771958
SG_014830,0.016125
SG_014834,0.278917
SG_014839,0.758833
SG_014844,0.716417
SG_014865,0.708333
SG_014866,0.060250
SG_014867,0.650375
SG_014871,0.760875
SG_014874,0.478167
SG_014875,0.831750
SG_014879,0.395625
SG_014880,0.092375
SG_014882,0.549667
SG_014885,0.582083
SG_014887,0.539625
SG_014894,0.151542
SG_014895,0.327042
SG_014898,0.402917
SG_014900,0.831375
SG_014906,0.878500
SG_014909,0.403167
SG_014914,0.538250
SG_014919,0.119125
SG_014921,0.530958
SG_014939,0.925625
SG_014940,0.619792
SG_014945,0.167042
SG_014946,0.146500
SG_014951,0.735208
SG_014953,0.911333
SG_014955,0.462583
SG_014959,0.618042
SG_014961,0.862000
SG_014964,0.546958
SG_014965,0.140917
SG_014966,0.772583
SG_014969,0.739083
SG_014972,0.350792
SG_014976,0.630292
SG_014979,0.144958
SG_014980,0.544083
SG_014984,0.663042
SG_014990,0.059917
SG_014998,0.157500
SG_014999,0.139917
SG_015001,0.827333
SG_015002,0.806542
SG_015014,0.522833
SG_015015,0.100375
SG_015021,0.692375
SG_015026,0.791167
SG_015031,0.572333
SG_015036,0.624667
SG_015039,0.125083
SG_015042,0.481000
SG_015044,0.559667
SG_015046,0.693250
SG_015047,0.868208
SG_015050,0.243500
SG_015054,0.376625
SG_015066,0.518208
SG_015068,0.862833
SG_015071,0.453250
SG_015075,0.094292
SG_015076,0.143417
SG_015081,0.723542
SG_015082,0.554083
SG_015085,0.246917
SG_015093,0.708625
SG_015095,0.476458
SG_015099,0.251333
SG_015102,0.239917
SG_015103,0.685792
SG_015111,0.563208
SG_015112,0.521708
SG_015118,0.375333
SG_015125,0.130458
SG_015126,0.469667
SG_015127,0.311042
SG_015129,0.480500
SG_015134,0.123917
SG_015135,0.157667
SG_015137,0.493292
SG_015138,0.712500
SG_015144,0.845000
SG_015146,0.595750
SG_015152,0.823708
SG_015155,0.636875
SG_015158,0.735667
SG_015159,0.143083
SG_015161,0.766000
SG_015165,0.873208
SG_015167,0.350125
SG_015169,0.441250
SG_015176,0.974250
SG_015180,0.352542
SG_015183,0.504000
SG_015189,0.216375
SG_015190,0.106542
SG_015192,0.129208
SG_015195,0.267000
SG_015197,0.347708
SG_015201,0.468458
SG_015202,0.300875
SG_015214,0.238125
SG_015215,0.634792
SG_015217,0.147083
SG_015222,0.148833
SG_015224,0.212708
SG_015235,0.159125
SG_015239,0.062583
SG_015246,0.299750
SG_015251,0.443833
SG_015252,0.832792
SG_015256,0.598750
SG_015257,0.850000
SG_015261,0.465958
SG_015262,0.747750
SG_015263,0.506375
SG_015269,0.596000
SG_015270,0.396625
SG_015272,0.533292
SG_015276,0.857417
SG_015277,0.153625
SG_015278,0.162208
SG_015279,0.749625
SG_015280,0.760250
SG_015283,0.487250
SG_015284,0.534375
SG_015289,0.797417
SG_015290,0.262167
SG_015294,0.510417
SG_015296,0.477292
SG_015297,0.994875
SG_015302,0.239125
SG_015304,0.894125
SG_015308,0.623333
SG_015309,0.709208
SG_015312,0.891667
SG_015317,0.855458
SG_015322,0.495708
SG_015323,0.679208
SG_015326,0.657917
SG_015329,0.197792
SG_015337,0.454375
SG_015339,0.373458
SG_015340,0.227333
SG_015341,0.631792
SG_015346,0.356042
SG_015348,0.241583
SG_015349,0.883292
SG_015351,0.734167
SG_015355,0.107625
SG_015356,0.547333
SG_015360,0.585042
SG_015361,0.625375
SG_015362,0.832000
SG_015363,0.287292
SG_015369,0.524458
SG_015372,0.406375
SG_015375,0.248792
SG_015381,0.877083
SG_015382,0.204333
SG_015383,0.300667
SG_015384,0.836375
SG_015388,0.467417
SG_015395,0.287000
SG_015397,0.619708
SG_015399,0.734333
SG_015400,0.876792
SG_015401,0.303750
SG_015402,0.795625
SG_015403,0.887958
SG_015406,0.548500
SG_015412,0.912750
SG_015421,0.919000
SG_015424,0.621042
SG_015425,0.299208
SG_015428,0.252500
SG_015430,0.262917
SG_015431,0.486583
SG_015439,0.200542
SG_015440,0.017250
SG_015446,0.802750
SG_015447,0.561708
SG_015448,0.412083
SG_015452,0.413000
SG_015454,0.914417
SG_015458,0.632125
SG_015462,0.800042
SG_015463,0.883375
SG_015464,0.395708
SG_015466,0.343542
SG_015467,0.725083
SG_015470,0.372792
SG_015473,0.627500
SG_015479,0.084375
SG_015481,0.760917
SG_015483,0.365125
SG_015492,0.984917
SG_015495,0.105125
SG_015498,0.418042
SG_015503,0.645208
SG_015507,0.463250
SG_015512,0.104792
SG_015514,0.578458
SG_015517,0.651000
SG_015520,0.784958
SG_015524,0.279458
SG_015526,0.387042
SG_015527,0.202375
SG_015535,0.320250
SG_015537,0.924125
SG_015538,0.720292
SG_015540,0.914000
SG_015542,0.177833
SG_015543,0.872625
SG_015544,0.734375
SG_015546,0.916625
SG_015547,0.363042
SG_015550,0.092375
SG_015556,0.258833
SG_015558,0.506042
SG_015559,0.970208
SG_015560,0.672250
SG_015562,0.116917
SG_015565,0.160958
SG_015568,0.950208
SG_015572,0.048833
SG_015576,0.081833
SG_015578,0.015125
SG_015580,0.136417
SG_015582,0.248625
SG_015584,0.504417
SG_015585,0.641125
SG_015586,0.529750
SG_015587,0.579583
SG_015589,0.875167
SG_015590,0.470833
SG_015591,0.903125
SG_015593,0.256083
SG_015597,0.288375
SG_015598,0.688625
SG_015600,0.698333
SG_015606,0.919917
SG_015613,0.748833
SG_015615,0.917583
SG_015617,0.250667
SG_015619,0.481958
SG_015623,0.636750
SG_015627,0.788542
SG_015637,0.081000
SG_015641,0.716875
SG_015644,0.468250
SG_015649,0.132208
SG_015654,0.931250
SG_015655,0.918375
SG_015656,0.237708
SG_015659,0.604667
SG_015662,0.805167
SG_015664,0.241083
SG_015671,0.844208
SG_015675,0.045833
SG_015678,0.510917
SG_015680,0.169667
SG_015681,0.124667
SG_015682,0.460750
SG_015684,0.222958
SG_015693,0.738792
SG_015708,0.757125
SG_015715,0.586292
SG_015716,0.814250
SG_015718,0.271833
SG_015721,0.696500
SG_015724,0.877875
SG_015726,0.757750
SG_015729,0.407167
SG_015730,0.798125
SG_015735,0.351875
SG_015738,0.783333
SG_015743,0.126417
SG_015744,0.164667
SG_015746,0.268750
SG_015756,0.622708
SG_015762,0.648667
SG_015763,0.296542
SG_015766,0.338875
SG_015769,0.851875
SG_015770,0.570042
SG_015772,0.305958
SG_015773,0.946208
SG_015780,0.327333
SG_015790,0.341458
SG_015797,0.558958
SG_015806,0.094833
SG_015810,0.687542
SG_015815,0.321000
SG_015817,0.869958
SG_015818,0.703083
SG_015819,0.525417
SG_015820,0.357333
SG_015827,0.791375
SG_015828,0.278292
SG_015829,0.507833
SG_015832,0.495625
SG_015833,0.591083
SG_015834,0.373500
SG_015838,0.761042
SG_015840,0.359625
SG_015842,0.500542
SG_015845,0.047958
SG_015849,0.124250
SG_015857,0.524833
SG_015859,0.008083
SG_015860,0.809375
SG_015867,0.322542
SG_015873,0.769250
SG_015878,0.806708
SG_015879,0.056500
SG_015880,0.265792
SG_015881,0.080583
SG_015884,0.199625
SG_015885,0.241875
SG_015891,0.367000
SG_015893,0.555750
SG_015898,0.562375
SG_015900,0.644125
SG_015901,0.470667
SG_015907,0.596000
SG_015908,0.770583
SG_015910,0.855583
SG_015914,0.569083
SG_015917,0.946708
SG_015921,0.979250
SG_015922,0.656833
SG_015928,0.935875
SG_015939,0.522708
SG_015940,0.117625
SG_015942,0.549833
SG_015943,0.786708
SG_015947,0.436625
SG_015950,0.725875
SG_015951,0.828375
SG_015955,0.172208
SG_015964,0.736042
SG_015965,0.181875
SG_015972,0.322250
SG_015973,0.497292
SG_015975,0.114208
SG_015977,0.497000
SG_015978,0.920167
SG_015979,0.894917
SG_015980,0.515625
SG_015981,0.806458
SG_015985,0.863958
SG_015988,0.094167
SG_015989,0.825583
SG_015990,0.490417
SG_015998,0.470958
SG_015999,0.050500
SG_016002,0.708917
SG_016003,0.521167
SG_016004,0.663375
SG_016008,0.990458
SG_016010,0.935833
SG_016013,0.826542
SG_016015,0.285083
SG_016020,0.109083
SG_016021,0.671167
SG_016022,0.385042
SG_016027,0.870333
SG_016028,0.520917
SG_016029,0.106208
SG_016030,0.778708
SG_016045,0.223417
SG_016048,0.333667
SG_016049,0.257458
SG_016054,0.981708
SG_016056,0.916542
SG_016060,0.685000
SG_016065,0.053458
SG_016081,0.080208
SG_016085,0.046958
SG_016089,0.522292
SG_016091,0.866958
SG_016092,0.452417
SG_016101,0.976375
SG_016102,0.616708
SG_016103,0.507667
SG_016108,0.161542
SG_016109,0.708000
SG_016111,0.867958
SG_016113,0.572958
SG_016114,0.526292
SG_016115,0.555208
SG_016116,0.451583
SG_016119,0.225292
SG_016124,0.251708
SG_016127,0.694208
SG_016132,0.900375
SG_016133,0.478708
SG_016134,0.700375
SG_016138,0.028625
SG_016140,0.501875
SG_016146,0.719333
SG_016147,0.305750
SG_016156,0.657667
SG_016158,0.390833
SG_016159,0.592208
SG_016160,0.068708
SG_016161,0.111958
SG_016163,0.807958
SG_016164,0.724542
SG_016165,0.668042
SG_016166,0.370292
SG_016171,0.416667
SG_016172,0.836583
SG_016174,0.382125
SG_016176,0.478000
SG_016179,0.924875
SG_016181,0.415500
SG_016183,0.092042
SG_016185,0.683417
SG_016186,0.226333
SG_016187,0.147458
SG_016188,0.705667
SG_016190,0.144083
SG_016194,0.801958
SG_016195,0.194750
SG_016196,0.844917
SG_016197,0.539583
SG_016211,0.258375
SG_016214,0.849208
SG_016215,0.698417
SG_016219,0.285042
SG_016221,0.523458
SG_016222,0.425583
SG_016224,0.277542
SG_016225,0.689667
SG_016233,0.710792
SG_016234,0.187208
SG_016235,0.356167
SG_016238,0.029958
SG_016242,0.411042
SG_016244,0.116625
SG_016245,0.076917
SG_016246,0.913208
SG_016249,0.711792
SG_016251,0.953333
SG_016252,0.844917
SG_016259,0.412833
SG_016262,0.701583
SG_016263,0.061875
SG_016268,0.323083
SG_016270,0.300417
SG_016272,0.928292
SG_016273,0.921625
SG_016275,0.846875
SG_016278,0.807333
SG_016282,0.823917
SG_016285,0.574083
SG_016289,0.771458
SG_016292,0.543333
SG_016297,0.225583
SG_016299,0.668667
SG_016310,0.643667
SG_016315,0.166708
SG_016316,0.914417
SG_016318,0.215250
SG_016324,0.273083
SG_016326,0.696625
SG_016327,0.614458
SG_016330,0.013667
SG_016331,0.927583
SG_016332,0.043583
SG_016333,0.755917
SG_016334,0.242833
SG_016337,0.112958
SG_016341,0.778667
SG_016343,0.097417
SG_016345,0.804583
SG_016346,0.369500
SG_016349,0.581958
SG_016351,0.136083
SG_016352,0.013708
SG_016354,0.524917
SG_016363,0.720417
SG_016372,0.897708
SG_016375,0.137292
SG_016382,0.368500
SG_016384,0.169083
SG_016386,0.056250
SG_016389,0.452042
SG_016392,0.778625
SG_016393,0.496667
SG_016394,0.764708
SG_016401,0.283500
SG_016402,0.509250
SG_016405,0.881208
SG_016414,0.434083
SG_016421,0.297000
SG_016424,0.672625
SG_016425,0.324542
SG_016429,0.102292
SG_016431,0.526167
SG_016432,0.680917
SG_016435,0.751958
SG_016436,0.935458
SG_016443,0.079583
SG_016445,0.549917
SG_016450,0.489333
SG_016452,0.381500
SG_016456,0.745250
SG_016462,0.083000
SG_016463,0.308750
SG_016474,0.726083
SG_016482,0.411000
SG_016488,0.506833
SG_016502,0.183417
SG_016503,0.704875
SG_016507,0.498667
SG_016508,0.315875
SG_016511,0.151917
SG_016512,0.956042
SG_016517,0.620708
SG_016518,0.949792
SG_016520,0.302708
SG_016522,0.669833
SG_016524,0.424708
SG_016526,0.878292
SG_016528,0.566417
SG_016529,0.535542
SG_016532,0.544083
SG_016535,0.228458
SG_016537,0.199167
SG_016539,0.154667
SG_016542,0.465875
SG_016545,0.374333
SG_016547,0.364500
SG_016548,0.204917
SG_016554,0.966917
SG_016562,0.689083
SG_016563,0.595333
SG_016566,0.378417
SG_016567,0.383792
SG_016580,0.156083
SG_016581,0.397000
SG_016585,0.633583
SG_016600,0.369667
SG_016603,0.752708
SG_016604,0.278667
SG_016606,0.798375
SG_016609,0.625167
SG_016612,0.574667
SG_016613,0.343458
SG_016614,0.447208
SG_016623,0.316875
SG_016625,0.704333
SG_016632,0.801583
SG_016634,0.320792
SG_016637,0.584917
SG_016641,0.772917
SG_016646,0.254250
SG_016647,0.110125
SG_016660,0.087250
SG_016662,0.882667
SG_016670,0.757500
SG_016671,0.224375
SG_016673,0.215458
SG_016675,0.700125
SG_016685,0.710292
SG_016689,0.919375
SG_016690,0.755542
SG_016691,0.029458
SG_016692,0.799125
SG_016696,0.778625
SG_016698,0.225333
SG_016699,0.175792
SG_016703,0.394792
SG_016704,0.880667
SG_016705,0.454083
SG_016708,0.475958
SG_016710,0.399750
SG_016711,0.474708
SG_016714,0.550375
SG_016716,0.174250
SG_016719,0.357500
SG_016720,0.194042
SG_016721,0.355917
SG_016723,0.076833
SG_016732,0.910917
SG_016733,0.798917
SG_016736,0.105333
SG_016737,0.303208
SG_016738,0.777833
SG_016741,0.951542
SG_016745,0.496958
SG_016746,0.300250
SG_016752,0.569125
SG_016754,0.295417
SG_016758,0.255125
SG_016763,0.262167
SG_016765,0.354458
SG_016769,0.194792
SG_016776,0.755917
SG_016778,0.806958
SG_016779,0.779500
SG_016780,0.912583
SG_016783,0.964958
SG_016785,0.502667
SG_016786,0.708125
SG_016792,0.716542
SG_016793,0.130583
SG_016794,0.429458
SG_016805,0.198292
SG_016807,0.428875
SG_016810,0.612667
SG_016813,0.305917
SG_016818,0.466250
SG_016819,0.119125
SG_016823,0.954125
SG_016827,0.690750
SG_016828,0.209667
SG_016832,0.793750
SG_016834,0.977667
SG_016837,0.945875
SG_016840,0.132292
SG_016843,0.894333
SG_016847,0.376083
SG_016849,0.134750
SG_016851,0.650917
SG_016857,0.401792
SG_016858,0.773167
SG_016859,0.307625
SG_016861,0.519292
SG_016863,0.331958
SG_016874,0.987750
SG_016877,0.214875
SG_016881,0.856417
SG_016885,0.462208
SG_016887,0.907000
SG_016888,0.391417
SG_016891,0.272833
SG_016893,0.171667
SG_016895,0.891000
SG_016900,0.463167
SG_016902,0.630083
SG_016904,0.393667
SG_016909,0.445583
SG_016911,0.953750
SG_016924,0.059125
SG_016925,0.398417
SG_016928,0.652792
SG_016937,0.106125
SG_016939,0.846458
SG_016941,0.596500
SG_016944,0.693458
SG_016946,0.628542
SG_016951,0.456167
SG_016961,0.974917
SG_016963,0.514333
SG_016967,0.455542
SG_016968,0.921542
SG_016971,0.577583
SG_016973,0.719708
SG_016974,0.154125
SG_016975,0.661333
SG_016976,0.326708
SG_016986,0.360167
SG_016989,0.564750
SG_016990,0.911208
SG_017003,0.780708
SG_017005,0.331250
SG_017006,0.166042
SG_017016,0.313708
SG_017018,0.685167
SG_017021,0.123417
SG_017026,0.145833
SG_017028,0.360625
SG_017040,0.386042
SG_017043,0.282667
SG_017044,0.880083
SG_017046,0.800167
SG_017048,0.256250
SG_017049,0.353542
SG_017050,0.093417
SG_017055,0.658667
SG_017056,0.343000
SG_017062,0.118292
SG_017067,0.336750
SG_017070,0.470042
SG_017071,0.940292
SG_017076,0.489500
SG_017077,0.644917
SG_017079,0.069000
SG_017080,0.102042
SG_017085,0.718542
SG_017098,0.526667
SG_017103,0.404667
SG_017110,0.794792
SG_017111,0.831792
SG_017114,0.140083
SG_017116,0.893708
SG_017123,0.116750
SG_017124,0.514708
SG_017126,0.253542
SG_017127,0.311583
SG_017130,0.610708
SG_017139,0.700042
SG_017144,0.452458
SG_017145,0.531625
SG_017146,0.596458
SG_017154,0.408292
SG_017158,0.645208
SG_017170,0.636083
SG_017171,0.768167
SG_017172,0.148708
SG_017182,0.113958
SG_017187,0.124375
SG_017190,0.709458
SG_017192,0.394750
SG_017193,0.444917
SG_017195,0.688917
SG_017202,0.465417
SG_017206,0.352333
SG_017208,0.549167
SG_017213,0.741625
SG_017218,0.180292
SG_017220,0.447875
SG_017223,0.412708
SG_017224,0.734917
SG_017225,0.557042
SG_017227,0.390875
SG_017228,0.629042
SG_017230,0.301083
SG_017232,0.680042
SG_017235,0.770333
SG_017239,0.759250
SG_017241,0.857750
SG_017245,0.245583
SG_017250,0.959125
SG_017254,0.260750
SG_017255,0.460625
SG_017266,0.107667
SG_017269,0.177208
SG_017272,0.247375
SG_017276,0.699042
SG_017279,0.185333
SG_017281,0.060958
SG_017287,0.800625
SG_017288,0.170292
SG_017292,0.157125
SG_017294,0.721000
SG_017296,0.333250
SG_017303,0.579625
SG_017304,0.361792
SG_017309,0.872750
SG_017311,0.223125
SG_017316,0.001542
SG_017317,0.827208
SG_017318,0.757583
SG_017323,0.766208
SG_017328,0.684083
SG_017338,0.576250
SG_017339,0.834750
SG_017347,0.635958
SG_017348,0.139500
SG_017349,0.119417
SG_017350,0.135000
SG_017354,0.222208
SG_017358,0.862083
SG_017360,0.067167
SG_017361,0.390958
SG_017364,0.927417
SG_017368,0.215083
SG_017373,0.517333
SG_017376,0.747417
SG_017383,0.603833
SG_017385,0.152083
SG_017391,0.603917
SG_017399,0.788917
SG_017402,0.001042
SG_017405,0.482208
SG_017406,0.487417
SG_017416,0.508833
SG_017419,0.199417
SG_017421,0.518000
SG_017423,0.896792
SG_017425,0.626083
SG_017428,0.454875
SG_017431,0.288167
SG_017432,0.730417
SG_017438,0.972917
SG_017439,0.051083
SG_017445,0.139917
SG_017448,0.099208
SG_017452,0.582917
SG_017454,0.780000
SG_017457,0.502250
SG_017458,0.560833
SG_017464,0.262708
SG_017465,0.147708
SG_017466,0.866792
SG_017467,0.852125
SG_017475,0.546208
SG_017479,0.777417
SG_017480,0.005708
SG_017481,0.678042
SG_017482,0.395208
SG_017484,0.292375
SG_017486,0.582833
SG_017501,0.308042
SG_017504,0.564125
SG_017507,0.621625
SG_017509,0.362458
SG_017513,0.150458
SG_017514,0.761333
SG_017516,0.135708
SG_017518,0.145375
SG_017521,0.726208
SG_017526,0.490458
SG_017529,0.293125
SG_017532,0.205167
SG_017535,0.486500
SG_017537,0.352167
SG_017538,0.245250
SG_017542,0.472208
SG_017545,0.913958
SG_017549,0.695875
SG_017557,0.615500
SG_017559,0.473000
SG_017560,0.268458
SG_017562,0.512417
SG_017563,0.857542
SG_017565,0.446917
SG_017572,0.192750
SG_017575,0.988583
SG_017577,0.616833
SG_017578,0.326458
SG_017579,0.852792
SG_017580,0.262208
SG_017581,0.648375
SG_017589,0.517167
SG_017590,0.194792
SG_017594,0.769333
SG_017597,0.393625
SG_017604,0.809083
SG_017605,0.552667
SG_017606,0.650292
SG_017607,0.466167
SG_017611,0.787500
SG_017615,0.255333
SG_017616,0.204625
SG_017617,0.776167
SG_017621,0.629958
SG_017622,0.677125
SG_017629,0.459000
SG_017630,0.248000
SG_017634,0.557542
SG_017639,0.539542
SG_017642,0.348417
SG_017646,0.913458
SG_017657,0.844042
SG_017658,0.712500
SG_017667,0.240042
SG_017673,0.606292
SG_017674,0.477458
SG_017677,0.160208
SG_017679,0.128333
SG_017683,0.236500
SG_017687,0.116917
SG_017689,0.870042
SG_017691,0.395167
SG_017693,0.828917
SG_017696,0.416625
SG_017697,0.565208
SG_017702,0.093167
SG_017703,0.927833
SG_017709,0.144917
SG_017714,0.467250
SG_017715,0.930708
SG_017718,0.618167
SG_017719,0.625250
SG_017728,0.735250
SG_017729,0.545792
SG_017739,0.473375
SG_017743,0.290333
SG_017745,0.079542
SG_017746,0.029958
SG_017749,0.705708
SG_017750,0.558125
SG_017754,0.616250
SG_017757,0.611708
SG_017760,0.961375
SG_017774,0.593250
SG_017775,0.062458
SG_017776,0.237625
SG_017777,0.686917
SG_017778,0.725375
SG_017781,0.268667
SG_017782,0.843042
SG_017789,0.706375
SG_017795,0.447375
SG_017798,0.943000
SG_017811,0.602917
SG_017817,0.137708
SG_017819,0.707042
SG_017822,0.691125
SG_017827,0.326333
SG_017830,0.972125
SG_017832,0.358417
SG_017834,0.793000
SG_017838,0.535625
SG_017840,0.768875
SG_017847,0.267667
SG_017851,0.547417
SG_017855,0.823042
SG_017862,0.007083
SG_017865,0.381875
SG_017866,0.655333
SG_017867,0.273292
SG_017878,0.433375
SG_017879,0.258708
SG_017880,0.189167
SG_017881,0.227000
SG_017882,0.479042
SG_017886,0.330375
SG_017888,0.260333
SG_017889,0.543042
SG_017895,0.724083
SG_017900,0.787667
SG_017902,0.726625
SG_017907,0.874083
SG_017909,0.367708
SG_017910,0.319708
SG_017913,0.534833
SG_017914,0.600125
SG_017917,0.910375
SG_017918,0.944417
SG_017919,0.073042
SG_017920,0.436542
SG_017936,0.240833
SG_017938,0.507833
SG_017945,0.852292
SG_017947,0.572042
SG_017949,0.302583
SG_017956,0.950167
SG_017958,0.567875
SG_017960,0.627958
SG_017965,0.130875
SG_017971,0.626167
SG_017973,0.940042
SG_017978,0.909417
SG_017981,0.136958
SG_017985,0.735042
SG_017987,0.879208
SG_017991,0.702708
SG_017992,0.911042
SG_018002,0.558583
SG_018003,0.895208
SG_018005,0.271958
SG_018014,0.428292
SG_018015,0.571458
SG_018016,0.610500
SG_018017,0.887333
SG_018024,0.088917
SG_018028,0.624000
SG_018032,0.374333
SG_018033,0.702042
SG_018037,0.397458
SG_018040,0.616083
SG_018042,0.062500
SG_018046,0.209125
SG_018050,0.864583
SG_018055,0.858208
SG_018056,0.639167
SG_018061,0.272042
SG_018063,0.693750
SG_018064,0.555458
SG_018067,0.259417
SG_018072,0.760625
SG_018073,0.648250
SG_018074,0.672375
SG_018076,0.877417
SG_018080,0.197625
SG_018084,0.875000
SG_018088,0.852083
SG_018090,0.436750
SG_018092,0.535208
SG_018094,0.724292
SG_018096,0.221583
SG_018100,0.883708
SG_018109,0.826833
SG_018111,0.160958
SG_018120,0.748417
SG_018124,0.944917
SG_018125,0.747292
SG_018130,0.456167
SG_018132,0.723292
SG_018134,0.380042
SG_018140,0.446458
SG_018144,0.186167
SG_018146,0.904083
SG_018150,0.691167
SG_018154,0.981083
SG_018155,0.480750
SG_018160,0.024917
SG_018165,0.331417
SG_018166,0.165042
SG_018170,0.292042
SG_018174,0.679625
SG_018175,0.269417
SG_018178,0.305583
SG_018181,0.566333
SG_018186,0.329542
SG_018188,0.323000
SG_018195,0.064250
SG_018198,0.688250
SG_018201,0.044167
SG_018206,0.804292
SG_018208,0.381583
SG_018214,0.982208
SG_018215,0.916167
SG_018216,0.809917
SG_018221,0.923625
SG_018224,0.049792
SG_018228,0.711792
SG_018229,0.101583
SG_018238,0.194625
SG_018241,0.230333
SG_018246,0.458250
SG_018247,0.419250
SG_018252,0.855917
SG_018253,0.161792
SG_018259,0.974083
SG_018261,0.127333
SG_018263,0.723625
SG_018266,0.492417
SG_018269,0.672750
SG_018270,0.518208
SG_018276,0.477875
SG_018278,0.332625
SG_018281,0.397625
SG_018282,0.505958
SG_018284,0.799750
SG_018286,0.262458
SG_018287,0.631208
SG_018294,0.143292
SG_018297,0.170042
SG_018303,0.899208
SG_018305,0.764708
SG_018307,0.184625
SG_018312,0.597583
SG_018316,0.491917
SG_018321,0.577125
SG_018322,0.555458
SG_018325,0.159375
SG_018327,0.198708
SG_018330,0.318750
SG_018334,0.595750
SG_018336,0.750875
SG_018338,0.837875
SG_018341,0.326292
SG_018342,0.574417
SG_018347,0.436042
SG_018348,0.439833
SG_018351,0.419042
SG_018360,0.832792
SG_018361,0.640417
SG_018364,0.625000
SG_018366,0.406792
SG_018368,0.875458
SG_018372,0.849333
SG_018379,0.408417
SG_018381,0.468542
SG_018386,0.109167
SG_018387,0.964000
SG_018388,0.748750
SG_018394,0.619708
SG_018407,0.206375
SG_018410,0.402000
SG_018411,0.241542
SG_018417,0.401583
SG_018418,0.359583
SG_018420,0.563292
SG_018422,0.557583
SG_018424,0.861917
SG_018426,0.196917
SG_018427,0.479125
SG_018430,0.415250
SG_018433,0.584042
SG_018434,0.642333
SG_018436,0.962708
SG_018441,0.648292
SG_018442,0.326833
SG_018445,0.279583
SG_018448,0.422125
SG_018452,0.010042
SG_018455,0.661417
SG_018458,0.384417
SG_018462,0.786667
SG_018468,0.435042
SG_018469,0.683417
SG_018470,0.514333
SG_018471,0.533708
SG_018472,0.837375
SG_018474,0.062542
SG_018476,0.951000
SG_018481,0.597833
SG_018485,0.774750
SG_018487,0.743583
SG_018490,0.092208
SG_018491,0.267417
SG_018493,0.767333
SG_018494,0.354708
SG_018497,0.402208
SG_018501,0.167583
SG_018503,0.133667
SG_018505,0.270792
SG_018506,0.633000
SG_018510,0.565333
SG_018511,0.360333
SG_018514,0.640042
SG_018519,0.666167
SG_018520,0.034708
SG_018524,0.524292
SG_018525,0.078458
SG_018526,0.330917
SG_018529,0.764167
SG_018531,0.715542
SG_018534,0.375000
SG_018536,0.141750
SG_018537,0.602042
SG_018543,0.759083
SG_018544,0.359625
SG_018547,0.130750
SG_018548,0.397583
SG_018549,0.633042
SG_018553,0.183708
SG_018555,0.657875
SG_018558,0.591292
SG_018566,0.095958
SG_018568,0.695083
SG_018569,0.038417
SG_018573,0.817333
SG_018576,0.409042
SG_018579,0.123542
SG_018587,0.678542
SG_018591,0.551750
SG_018594,0.382333
SG_018601,0.731875
SG_018603,0.752917
SG_018608,0.491208
SG_018611,0.762250
SG_018612,0.817250
SG_018615,0.317958
SG_018617,0.413000
SG_018621,0.396208
SG_018623,0.851125
SG_018624,0.843708
SG_018631,0.098125
SG_018636,0.477000
SG_018637,0.319542
SG_018639,0.885833
SG_018644,0.205750
SG_018645,0.533125
SG_018647,0.882000
SG_018650,0.902250
SG_018651,0.300625
SG_018662,0.382417
SG_018663,0.585000
SG_018664,0.842833
SG_018665,0.738500
SG_018670,0.937917
SG_018676,0.241625
SG_018677,0.150583
SG_018678,0.752833
SG_018680,0.410542
SG_018685,0.489792
SG_018686,0.719708
SG_018687,0.815000
SG_018688,0.160333
SG_018689,0.566125
SG_018693,0.449583
SG_018694,0.211333
SG_018697,0.528833
SG_018703,0.385833
SG_018705,0.671000
SG_018709,0.075375
SG_018710,0.998542
SG_018711,0.834958
SG_018717,0.170792
SG_018721,0.514125
SG_018722,0.482833
SG_018731,0.573167
SG_018733,0.926208
SG_018738,0.158250
SG_018744,0.359833
SG_018745,0.631917
SG_018748,0.315750
SG_018756,0.920458
SG_018758,0.672083
SG_018761,0.317917
SG_018765,0.184417
SG_018766,0.940917
SG_018767,0.411750
SG_018768,0.537167
SG_018770,0.281167
SG_018779,0.362583
SG_018787,0.520000
SG_018788,0.775625
SG_018789,0.343208
SG_018791,0.743292
SG_018792,0.824333
SG_018793,0.105792
SG_018798,0.856583
SG_018799,0.581667
SG_018800,0.344333
SG_018803,0.427792
SG_018806,0.867542
SG_018809,0.120083
SG_018811,0.541125
SG_018817,0.200333
SG_018818,0.311667
SG_018821,0.017375
SG_018822,0.329667
SG_018823,0.413208
SG_018826,0.921583
SG_018831,0.089875
SG_018834,0.361375
SG_018837,0.693125
SG_018838,0.933500
SG_018842,0.649250
SG_018843,0.987000
SG_018847,0.352542
SG_018850,0.266708
SG_018852,0.845833
SG_018853,0.056167
SG_018859,0.866375
SG_018861,0.863875
SG_018875,0.237458
SG_018883,0.633250
SG_018885,0.080583
SG_018889,0.415958
SG_018890,0.181125
SG_018894,0.627375
SG_018895,0.949792
SG_018899,0.421000
SG_018901,0.714083
SG_018902,0.412042
SG_018904,0.754583
SG_018905,0.872125
SG_018906,0.626750
SG_018907,0.767875
SG_018908,0.320000
SG_018915,0.740875
SG_018918,0.299417
SG_018920,0.704250
SG_018924,0.777667
SG_018928,0.797833
SG_018940,0.587417
SG_018941,0.409875
SG_018942,0.773500
SG_018965,0.968542
SG_018966,0.333458
SG_018968,0.420083
SG_018970,0.582042
SG_018972,0.359292
SG_018978,0.395083
SG_018981,0.204542
SG_018984,0.150083
SG_018990,0.766292
SG_019006,0.665292
SG_019012,0.790292
SG_019014,0.517500
SG_019015,0.936500
SG_019016,0.833042
SG_019018,0.928083
SG_019019,0.129958
SG_019023,0.877167
SG_019028,0.951750
SG_019030,0.719583
SG_019036,0.324500
SG_019038,0.240458
SG_019039,0.830250
SG_019041,0.791083
SG_019042,0.430417
SG_019044,0.979250
SG_019051,0.412667
SG_019053,0.678708
SG_019054,0.523042
SG_019058,0.766958
SG_019069,0.581792
SG_019071,0.117125
SG_019082,0.402667
SG_019083,0.500750
SG_019084,0.643708
SG_019087,0.134750
SG_019092,0.077833
SG_019098,0.736625
SG_019102,0.933500
SG_019105,0.725458
SG_019106,0.809583
SG_019109,0.369208
SG_019115,0.581667
SG_019117,0.865000
SG_019119,0.344708
SG_019120,0.541458
SG_019131,0.295375
SG_019142,0.819875
SG_019146,0.591625
SG_019147,0.673458
SG_019149,0.106958
SG_019150,0.678042
SG_019162,0.304375
SG_019167,0.601625
SG_019169,0.535583
SG_019171,0.022375
SG_019176,0.797125
SG_019184,0.380750
SG_019187,0.445292
SG_019190,0.203458
SG_019197,0.173958
SG_019198,0.348500
SG_019201,0.200083
SG_019203,0.879375
SG_019204,0.835958
SG_019208,0.552667
SG_019209,0.126083
SG_019211,0.251250
SG_019212,0.395333
SG_019217,0.486917
SG_019221,0.350875
SG_019222,0.819542
SG_019223,0.182333
SG_019225,0.286708
SG_019237,0.812667
SG_019244,0.446042
SG_019245,0.927625
SG_019246,0.123750
SG_019247,0.296375
SG_019248,0.405500
SG_019249,0.637833
SG_019251,0.268375
SG_019253,0.261042
SG_019254,0.080125
SG_019255,0.683125
SG_019259,0.112000
SG_019265,0.280958
SG_019266,0.617792
SG_019267,0.503125
SG_019270,0.130875
SG_019271,0.348083
SG_019272,0.719958
SG_019273,0.210917
SG_019274,0.020333
SG_019275,0.287667
SG_019276,0.104708
SG_019282,0.438125
SG_019286,0.455292
SG_019289,0.666417
SG_019295,0.729042
SG_019296,0.874958
SG_019298,0.005375
SG_019300,0.260875
SG_019302,0.667833
SG_019311,0.451375
SG_019314,0.802458
SG_019315,0.252333
SG_019316,0.751458
SG_019321,0.173125
SG_019325,0.829958
SG_019326,0.891417
SG_019328,0.056833
SG_019330,0.430000
SG_019333,0.296625
SG_019336,0.687375
SG_019339,0.712625
SG_019346,0.187125
SG_019352,0.654667
SG_019358,0.815583
SG_019362,0.972583
SG_019368,0.337000
SG_019371,0.338583
SG_019373,0.864750
SG_019374,0.655458
SG_019375,0.691792
SG_019376,0.838750
SG_019386,0.627417
SG_019388,0.421500
SG_019394,0.567625
SG_019398,0.666333
SG_019408,0.550958
SG_019411,0.090292
SG_019419,0.991583
SG_019421,0.530583
SG_019425,0.442208
SG_019427,0.741042
SG_019428,0.528917
SG_019431,0.483667
SG_019432,0.464417
SG_019433,0.708542
SG_019436,0.863250
SG_019437,0.892125
SG_019440,0.047292
SG_019442,0.753833
SG_019446,0.493750
SG_019447,0.090000
SG_019449,0.119000
SG_019452,0.058083
SG_019455,0.627792
SG_019456,0.200208
SG_019458,0.806667
SG_019466,0.607167
SG_019468,0.939000
SG_019470,0.309792
SG_019471,0.724125
SG_019473,0.149417
SG_019478,0.527917
SG_019485,0.969208
SG_019488,0.504833
SG_019489,0.416792
SG_019491,0.768375
SG_019496,0.689375
SG_019498,0.358958
SG_019510,0.875458
SG_019516,0.096792
SG_019519,0.206542
SG_019523,0.577333
SG_019527,0.219958
SG_019530,0.645042
SG_019532,0.129667
SG_019534,0.410417
SG_019540,0.698333
SG_019541,0.527250
SG_019543,0.689750
SG_019553,0.501792
SG_019558,0.369000
SG_019562,0.288333
SG_019563,0.777542
SG_019564,0.608375
SG_019567,0.363917
SG_019570,0.763708
SG_019577,0.384583
SG_019583,0.663583
SG_019585,0.488375
SG_019587,0.494125
SG_019588,0.144417
SG_019591,0.237750
SG_019593,0.252208
SG_019598,0.351625
SG_019599,0.676125
SG_019602,0.896750
SG_019609,0.888167
SG_019620,0.827083
SG_019621,0.081833
SG_019624,0.753417
SG_019625,0.861375
SG_019627,0.037875
SG_019635,0.178292
SG_019638,0.214167
SG_019639,0.071875
SG_019642,0.925292
SG_019645,0.459458
SG_019647,0.940708
SG_019648,0.244917
SG_019650,0.202958
SG_019652,0.333583
SG_019654,0.873000
SG_019657,0.468125
SG_019660,0.183292
SG_019661,0.275417
SG_019662,0.737250
SG_019665,0.499500
SG_019666,0.351083
SG_019667,0.548500
SG_019676,0.418333
SG_019679,0.945708
SG_019680,0.889292
SG_019683,0.859750
SG_019689,0.318083
SG_019690,0.834167
SG_019691,0.745792
SG_019695,0.140667
SG_019698,0.592167
SG_019710,0.467542
SG_019711,0.424125
SG_019716,0.214250
SG_019724,0.311125
SG_019727,0.845458
SG_019728,0.443750
SG_019729,0.224875
SG_019733,0.950500
SG_019738,0.459083
SG_019740,0.427417
SG_019746,0.880083
SG_019747,0.502167
SG_019750,0.695542
SG_019755,0.919250
SG_019756,0.405333
SG_019761,0.247917
SG_019764,0.331375
SG_019766,0.383708
SG_019767,0.236292
SG_019769,0.725250
SG_019779,0.074333
SG_019782,0.079583
SG_019783,0.451125
SG_019784,0.353000
SG_019791,0.363750
SG_019792,0.242500
SG_019793,0.954458
SG_019797,0.178375
SG_019800,0.827917
SG_019801,0.535208
SG_019802,0.262542
SG_019804,0.118417
SG_019807,0.815958
SG_019809,0.921458
SG_019811,0.508958
SG_019812,0.147250
SG_019819,0.226792
SG_019828,0.303625
SG_019830,0.219208
SG_019832,0.234333
SG_019835,0.241875
SG_019838,0.265500
SG_019839,0.283125
SG_019842,0.726083
SG_019846,0.813000
SG_019849,0.140708
SG_019851,0.972792
SG_019852,0.265875
SG_019853,0.661042
SG_019854,0.741625
SG_019857,0.506417
SG_019858,0.722375
SG_019859,0.911125
SG_019864,0.805625
SG_019865,0.533667
SG_019868,0.835667
SG_019869,0.874917
SG_019873,0.094333
SG_019878,0.388500
SG_019883,0.750458
SG_019887,0.327917
SG_019888,0.098750
SG_019895,0.612167
SG_019900,0.200333
SG_019903,0.227417
SG_019906,0.863708
SG_019909,0.307667
SG_019910,0.216000
SG_019913,0.757292
SG_019914,0.757917
SG_019921,0.580167
SG_019923,0.594625
SG_019928,0.863583
SG_019930,0.903875
SG_019933,0.398792
SG_019939,0.131958
SG_019941,0.740208
SG_019944,0.635917
SG_019945,0.739417
SG_019947,0.185125
SG_019949,0.907708
SG_019950,0.674125
SG_019954,0.501375
SG_019955,0.540917
SG_019960,0.169042
SG_019961,0.946958
SG_019966,0.832333
SG_019968,0.486792
SG_019970,0.166333
SG_019973,0.213375
SG_019974,0.733625
SG_019976,0.444417
SG_019978,0.442292
SG_019980,0.067375
SG_019981,0.639083
SG_019983,0.781000
SG_019984,0.578750
SG_019985,0.312500
SG_019989,0.190500
SG_019994,0.498292
SG_019998,0.199375
SG_019999,0.795875
SG_020000,0.278875
